{
  "loss": 1.7312732444090002,
  "reconstruction_loss": 1.2159774163190056,
  "kl": 11.02598554947797,
  "kl_text": 0.9000864204238442,
  "kl_structure": 10.125899090486413,
  "perplexity": 3.3735899925231934,
  "parent_accuracy": 0.8659695817490495,
  "depth_accuracy": 0.9819391634980988,
  "next_accuracy": 0.629277566539924,
  "reconstruction_loss_by_language": {
    "de": 1.1358305841344392,
    "en": 1.2818195801724046
  },
  "parent_accuracy_by_language": {
    "de": 0.8669201520912547,
    "en": 0.8650190114068441
  },
  "depth_accuracy_by_language": {
    "de": 0.9828897338403042,
    "en": 0.9809885931558935
  },
  "next_accuracy_by_language": {
    "de": 0.623574144486692,
    "en": 0.6349809885931559
  },
  "mean_parent_child_distance": 6.303433816786676,
  "mean_sibling_distance": 1.834204550042297,
  "mean_unrelated_distance": 5.843632368477125,
  "mean_same_id_cross_language_distance": 0.7568748185956433,
  "cross_language_top1_id_accuracy": 0.9429657794676806,
  "cross_language_mrr": 0.9689005069708493,
  "mean_cross_language_parent_child_distance": 6.306685846665002,
  "cross_language_top1_id_accuracy_de_to_en": 0.9372623574144486,
  "cross_language_top1_id_accuracy_en_to_de": 0.9486692015209125,
  "cross_language_mrr_de_to_en": 0.9664765525982257,
  "cross_language_mrr_en_to_de": 0.9713244613434727
}
