{
  "loss": 1.6821525447508867,
  "reconstruction_loss": 1.1977633798823637,
  "kl": 10.155279159545898,
  "kl_text": 0.5843701730756199,
  "kl_structure": 9.570908939137178,
  "perplexity": 3.31269907951355,
  "parent_accuracy": 0.8174904942965779,
  "depth_accuracy": 0.9591254752851711,
  "next_accuracy": 0.5693916349809885,
  "reconstruction_loss_by_language": {
    "de": 1.1290881518175393,
    "en": 1.2734841586519103
  },
  "parent_accuracy_by_language": {
    "de": 0.8136882129277566,
    "en": 0.8212927756653993
  },
  "depth_accuracy_by_language": {
    "de": 0.9543726235741445,
    "en": 0.9638783269961977
  },
  "next_accuracy_by_language": {
    "de": 0.5665399239543726,
    "en": 0.5722433460076045
  },
  "mean_parent_child_distance": 5.780520030069443,
  "mean_sibling_distance": 2.0121493598857483,
  "mean_unrelated_distance": 5.629269932386086,
  "mean_same_id_cross_language_distance": 0.8820980005957781,
  "cross_language_top1_id_accuracy": 0.8906844106463878,
  "cross_language_mrr": 0.9296668733369503,
  "mean_cross_language_parent_child_distance": 5.785153878217487,
  "cross_language_top1_id_accuracy_de_to_en": 0.8859315589353612,
  "cross_language_top1_id_accuracy_en_to_de": 0.8954372623574145,
  "cross_language_mrr_de_to_en": 0.9247465657939434,
  "cross_language_mrr_en_to_de": 0.9345871808799565
}
