{
  "loss": 1.7294152312808566,
  "reconstruction_loss": 1.2735800478193495,
  "kl": 10.683701515197754,
  "kl_text": 1.958748115433587,
  "kl_structure": 8.724953333536783,
  "perplexity": 3.5736234188079834,
  "parent_accuracy": 0.6634980988593155,
  "depth_accuracy": 0.9068441064638784,
  "next_accuracy": 0.3821292775665399,
  "reconstruction_loss_by_language": {
    "en": 1.2710443253526216
  },
  "parent_accuracy_by_language": {
    "en": 0.6634980988593155
  },
  "depth_accuracy_by_language": {
    "en": 0.9068441064638784
  },
  "next_accuracy_by_language": {
    "en": 0.3821292775665399
  },
  "mean_parent_child_distance": 5.911088898921518,
  "mean_sibling_distance": 2.0165584676967554,
  "mean_unrelated_distance": 5.491855229488344
}
