{
  "loss": 1.6860158864189596,
  "reconstruction_loss": 1.174577278249404,
  "kl": 10.737290101892809,
  "kl_text": 0.6356471812023836,
  "kl_structure": 10.101642945233513,
  "perplexity": 3.236774206161499,
  "parent_accuracy": 0.8564638783269962,
  "depth_accuracy": 0.9752851711026616,
  "next_accuracy": 0.6093155893536122,
  "reconstruction_loss_by_language": {
    "de": 1.1062039992428552,
    "en": 1.2479973681299406
  },
  "parent_accuracy_by_language": {
    "de": 0.8555133079847909,
    "en": 0.8574144486692015
  },
  "depth_accuracy_by_language": {
    "de": 0.973384030418251,
    "en": 0.9771863117870723
  },
  "next_accuracy_by_language": {
    "de": 0.6064638783269962,
    "en": 0.6121673003802282
  },
  "mean_parent_child_distance": 6.079376223229719,
  "mean_sibling_distance": 1.8364653866012375,
  "mean_unrelated_distance": 5.804043898224378,
  "mean_same_id_cross_language_distance": 0.7622401214314505,
  "cross_language_top1_id_accuracy": 0.9306083650190115,
  "cross_language_mrr": 0.9606087010792336,
  "mean_cross_language_parent_child_distance": 6.081122637713805,
  "cross_language_top1_id_accuracy_de_to_en": 0.935361216730038,
  "cross_language_top1_id_accuracy_en_to_de": 0.9258555133079848,
  "cross_language_mrr_de_to_en": 0.9616022391212504,
  "cross_language_mrr_en_to_de": 0.9596151630372163
}
