{
  "loss": 1.703251417945413,
  "reconstruction_loss": 1.1863651766496546,
  "kl": 11.168912102194394,
  "kl_text": 1.0389845791985006,
  "kl_structure": 10.129927522995892,
  "perplexity": 3.2751548290252686,
  "parent_accuracy": 0.8583650190114068,
  "depth_accuracy": 0.9306083650190115,
  "next_accuracy": 0.6482889733840305,
  "reconstruction_loss_by_language": {
    "de": 1.0987856711044963,
    "en": 1.2669749230486358
  },
  "parent_accuracy_by_language": {
    "de": 0.8517110266159695,
    "en": 0.8650190114068441
  },
  "depth_accuracy_by_language": {
    "de": 0.9334600760456274,
    "en": 0.9277566539923955
  },
  "next_accuracy_by_language": {
    "de": 0.6501901140684411,
    "en": 0.6463878326996197
  },
  "mean_parent_child_distance": 6.252428781090444,
  "mean_sibling_distance": 1.8642626787289913,
  "mean_unrelated_distance": 5.929097157637429,
  "mean_same_id_cross_language_distance": 0.7737863230387975,
  "cross_language_top1_id_accuracy": 0.9096958174904943,
  "cross_language_mrr": 0.9487823953799128,
  "mean_cross_language_parent_child_distance": 6.256396160879117,
  "cross_language_top1_id_accuracy_de_to_en": 0.9125475285171103,
  "cross_language_top1_id_accuracy_en_to_de": 0.9068441064638784,
  "cross_language_mrr_de_to_en": 0.9514426302840527,
  "cross_language_mrr_en_to_de": 0.9461221604757726
}
