{
  "loss": 1.718859399066252,
  "reconstruction_loss": 1.2067165444878971,
  "kl": 10.951920789830824,
  "kl_text": 0.8863302749745986,
  "kl_structure": 10.065590521868538,
  "perplexity": 3.342491626739502,
  "parent_accuracy": 0.8669201520912547,
  "depth_accuracy": 0.9752851711026616,
  "next_accuracy": 0.6150190114068441,
  "reconstruction_loss_by_language": {
    "de": 1.138470046080564,
    "en": 1.2602065310958674
  },
  "parent_accuracy_by_language": {
    "de": 0.8612167300380228,
    "en": 0.8726235741444867
  },
  "depth_accuracy_by_language": {
    "de": 0.9752851711026616,
    "en": 0.9752851711026616
  },
  "next_accuracy_by_language": {
    "de": 0.6140684410646388,
    "en": 0.6159695817490495
  },
  "mean_parent_child_distance": 6.234158420838373,
  "mean_sibling_distance": 1.884555384516716,
  "mean_unrelated_distance": 5.801449012280417,
  "mean_same_id_cross_language_distance": 0.7767768150386701,
  "cross_language_top1_id_accuracy": 0.9239543726235742,
  "cross_language_mrr": 0.9548211043603388,
  "mean_cross_language_parent_child_distance": 6.234925313262352,
  "cross_language_top1_id_accuracy_de_to_en": 0.9258555133079848,
  "cross_language_top1_id_accuracy_en_to_de": 0.9220532319391636,
  "cross_language_mrr_de_to_en": 0.955742607054916,
  "cross_language_mrr_en_to_de": 0.9538996016657614
}
