{
  "seed_count": 10,
  "seeds": [
    0,
    1,
    2,
    3,
    4,
    5,
    6,
    7,
    8,
    9
  ],
  "metrics": {
    "depth_accuracy": {
      "count": 10,
      "mean": 0.9273764258555133,
      "std": 0.027532648192578765,
      "min": 0.8783269961977186,
      "max": 0.9657794676806084
    },
    "depth_accuracy_by_language.en": {
      "count": 10,
      "mean": 0.9273764258555133,
      "std": 0.027532648192578765,
      "min": 0.8783269961977186,
      "max": 0.9657794676806084
    },
    "kl": {
      "count": 10,
      "mean": 10.951700750986735,
      "std": 0.1493355378640772,
      "min": 10.683701515197754,
      "max": 11.122684796651205
    },
    "kl_structure": {
      "count": 10,
      "mean": 8.965349181493123,
      "std": 0.11274611381231078,
      "min": 8.724953333536783,
      "max": 9.179734230041504
    },
    "kl_text": {
      "count": 10,
      "mean": 1.9863516277737088,
      "std": 0.10756782561340551,
      "min": 1.7644566297531128,
      "max": 2.1250625318951077
    },
    "loss": {
      "count": 10,
      "mean": 1.7603945189052157,
      "std": 0.022690638150025026,
      "min": 1.7294152312808566,
      "max": 1.7993486987219915
    },
    "mean_parent_child_distance": {
      "count": 10,
      "mean": 6.106505133834648,
      "std": 0.15657054875910573,
      "min": 5.911088898921518,
      "max": 6.398875248914509
    },
    "mean_sibling_distance": {
      "count": 10,
      "mean": 2.0655617246509115,
      "std": 0.03421033951771827,
      "min": 2.0165584676967554,
      "max": 2.1180550208339444
    },
    "mean_unrelated_distance": {
      "count": 10,
      "mean": 5.5574455181682065,
      "std": 0.05318405419323675,
      "min": 5.467863128212469,
      "max": 5.632244955450863
    },
    "next_accuracy": {
      "count": 10,
      "mean": 0.3724334600760456,
      "std": 0.019786684834850018,
      "min": 0.3403041825095057,
      "max": 0.40874524714828897
    },
    "next_accuracy_by_language.en": {
      "count": 10,
      "mean": 0.3724334600760456,
      "std": 0.019786684834850018,
      "min": 0.3403041825095057,
      "max": 0.40874524714828897
    },
    "parent_accuracy": {
      "count": 10,
      "mean": 0.6982889733840304,
      "std": 0.015184020259957033,
      "min": 0.6634980988593155,
      "max": 0.714828897338403
    },
    "parent_accuracy_by_language.en": {
      "count": 10,
      "mean": 0.6982889733840304,
      "std": 0.015184020259957033,
      "min": 0.6634980988593155,
      "max": 0.714828897338403
    },
    "perplexity": {
      "count": 10,
      "mean": 3.641634130477905,
      "std": 0.07063331741380273,
      "min": 3.5384669303894043,
      "max": 3.771444320678711
    },
    "reconstruction_loss": {
      "count": 10,
      "mean": 1.2922635210884943,
      "std": 0.019370779544541274,
      "min": 1.2636936108271282,
      "max": 1.32745803727044
    },
    "reconstruction_loss_by_language.en": {
      "count": 10,
      "mean": 1.2882996121966794,
      "std": 0.017532034612386338,
      "min": 1.262759644608987,
      "max": 1.3195375051108604
    }
  }
}