path,artifact_type,external_archive,archive_sha256,sha256,bytes,notes
results/dsh_validation/dsh_validation_bundle.zip,validation_bundle_copy,tractatus-heavy-retained-artifacts-2026-08-14.zip,f38ed4abddf438aa7e9c297244d3db88d35198eeba017c91cc46f646573a69c6,c92a395bcaaa187ff4d7c1769e0cf0384d5e09aeb360a13f5796c843160e3223,7471174,Removed from Git history; restore from external archive if exact retained artifact is needed.
results/dsh_validation/phase3_controlled_alignment/raw/paired_full_model_align003/seed000.per_proposition.parquet,raw_or_per_proposition_output,tractatus-heavy-retained-artifacts-2026-08-14.zip,f38ed4abddf438aa7e9c297244d3db88d35198eeba017c91cc46f646573a69c6,db9e1ee0a715583b281aad0fe5562b321c693a4ee8c78bf4d4657b73f3337c74,735849,Removed from Git history; restore from external archive if exact retained artifact is needed.
results/dsh_validation/phase3_controlled_alignment/raw/paired_full_model_align003/seed002.per_proposition.parquet,raw_or_per_proposition_output,tractatus-heavy-retained-artifacts-2026-08-14.zip,f38ed4abddf438aa7e9c297244d3db88d35198eeba017c91cc46f646573a69c6,16cf78008cd00062201463a94eecb8472b6777acb54fb5dd67cae2677a95f5ec,735059,Removed from Git history; restore from external archive if exact retained artifact is needed.
results/dsh_validation/phase3_controlled_alignment/raw/paired_full_model_align003/seed007.per_proposition.parquet,raw_or_per_proposition_output,tractatus-heavy-retained-artifacts-2026-08-14.zip,f38ed4abddf438aa7e9c297244d3db88d35198eeba017c91cc46f646573a69c6,a7bb3d9a52ed71115a6b55b35de0a309d06631d571b266760c2a2a2ee21a645d,736256,Removed from Git history; restore from external archive if exact retained artifact is needed.
results/dsh_validation/phase3_controlled_alignment/raw/paired_full_model_align003/seed008.per_proposition.parquet,raw_or_per_proposition_output,tractatus-heavy-retained-artifacts-2026-08-14.zip,f38ed4abddf438aa7e9c297244d3db88d35198eeba017c91cc46f646573a69c6,a710852fabfd6cb388f3b7018c4f089fff48e154f1f8393a3333a0170297b30c,735983,Removed from Git history; restore from external archive if exact retained artifact is needed.
results/dsh_validation/phase3_controlled_alignment/raw/paired_full_model_align003/seed003.per_proposition.parquet,raw_or_per_proposition_output,tractatus-heavy-retained-artifacts-2026-08-14.zip,f38ed4abddf438aa7e9c297244d3db88d35198eeba017c91cc46f646573a69c6,a8f738c1ff01bfca3a1260fd0e456c1425424bcd3e77d586a83a04fe0708a262,735024,Removed from Git history; restore from external archive if exact retained artifact is needed.
results/dsh_validation/phase3_controlled_alignment/raw/paired_full_model_align003/seed006.per_proposition.parquet,raw_or_per_proposition_output,tractatus-heavy-retained-artifacts-2026-08-14.zip,f38ed4abddf438aa7e9c297244d3db88d35198eeba017c91cc46f646573a69c6,95df0da4a2089192c506f17cfb3c3d600cd7f4410f41190be774c047b594a139,736261,Removed from Git history; restore from external archive if exact retained artifact is needed.
results/dsh_validation/phase3_controlled_alignment/raw/paired_full_model_align003/seed009.per_proposition.parquet,raw_or_per_proposition_output,tractatus-heavy-retained-artifacts-2026-08-14.zip,f38ed4abddf438aa7e9c297244d3db88d35198eeba017c91cc46f646573a69c6,85c7a5bb50edc381c0ef7328c3659bf60168d48dbc4d67c0ceaabbbd1413d7e3,736169,Removed from Git history; restore from external archive if exact retained artifact is needed.
results/dsh_validation/phase3_controlled_alignment/raw/paired_full_model_align003/seed004.per_proposition.parquet,raw_or_per_proposition_output,tractatus-heavy-retained-artifacts-2026-08-14.zip,f38ed4abddf438aa7e9c297244d3db88d35198eeba017c91cc46f646573a69c6,c816f3087bf3dcd1e1e7eb16be85b8652e5207fced23f86d12425d78f8127e94,735260,Removed from Git history; restore from external archive if exact retained artifact is needed.
results/dsh_validation/phase3_controlled_alignment/raw/paired_full_model_align003/seed005.per_proposition.parquet,raw_or_per_proposition_output,tractatus-heavy-retained-artifacts-2026-08-14.zip,f38ed4abddf438aa7e9c297244d3db88d35198eeba017c91cc46f646573a69c6,273027957861a3a03d774a2a96cd20e4f3ca2c48d88966f4515384e0bdf83bfd,735493,Removed from Git history; restore from external archive if exact retained artifact is needed.
results/dsh_validation/phase3_controlled_alignment/raw/paired_full_model_align003/seed001.per_proposition.parquet,raw_or_per_proposition_output,tractatus-heavy-retained-artifacts-2026-08-14.zip,f38ed4abddf438aa7e9c297244d3db88d35198eeba017c91cc46f646573a69c6,9af9e09e05af46e00846cecf9d026e051d115ca5746cbef35d1c322a3ca8981d,735276,Removed from Git history; restore from external archive if exact retained artifact is needed.
results/dsh_validation/phase3_controlled_alignment/raw/paired_full_model_align100/seed000.per_proposition.parquet,raw_or_per_proposition_output,tractatus-heavy-retained-artifacts-2026-08-14.zip,f38ed4abddf438aa7e9c297244d3db88d35198eeba017c91cc46f646573a69c6,85ce1bd2926292cea82ddd0c6b40480629a265f4cd0b20e6c035af0cf75cdb29,734796,Removed from Git history; restore from external archive if exact retained artifact is needed.
results/dsh_validation/phase3_controlled_alignment/raw/paired_full_model_align100/seed002.per_proposition.parquet,raw_or_per_proposition_output,tractatus-heavy-retained-artifacts-2026-08-14.zip,f38ed4abddf438aa7e9c297244d3db88d35198eeba017c91cc46f646573a69c6,4a421c713eca639c6f76491b9c4daf4095e1537aee01128b0954c658e20773dc,735276,Removed from Git history; restore from external archive if exact retained artifact is needed.
results/dsh_validation/phase3_controlled_alignment/raw/paired_full_model_align100/seed007.per_proposition.parquet,raw_or_per_proposition_output,tractatus-heavy-retained-artifacts-2026-08-14.zip,f38ed4abddf438aa7e9c297244d3db88d35198eeba017c91cc46f646573a69c6,8177085a27c1b1ebe090fabe27217791533e6b00286bf39d56ee696210e6cad7,735200,Removed from Git history; restore from external archive if exact retained artifact is needed.
results/dsh_validation/phase3_controlled_alignment/raw/paired_full_model_align100/seed008.per_proposition.parquet,raw_or_per_proposition_output,tractatus-heavy-retained-artifacts-2026-08-14.zip,f38ed4abddf438aa7e9c297244d3db88d35198eeba017c91cc46f646573a69c6,02b7fe832d494b552d07c372adf077280ad29323d47c628836bb472c335bca14,735593,Removed from Git history; restore from external archive if exact retained artifact is needed.
results/dsh_validation/phase3_controlled_alignment/raw/paired_full_model_align100/seed003.per_proposition.parquet,raw_or_per_proposition_output,tractatus-heavy-retained-artifacts-2026-08-14.zip,f38ed4abddf438aa7e9c297244d3db88d35198eeba017c91cc46f646573a69c6,1fe9420d777eb1a7f30a4dd16a952a93d7843332cc1a2db59c89d42224ca5ddd,734913,Removed from Git history; restore from external archive if exact retained artifact is needed.
results/dsh_validation/phase3_controlled_alignment/raw/paired_full_model_align100/seed006.per_proposition.parquet,raw_or_per_proposition_output,tractatus-heavy-retained-artifacts-2026-08-14.zip,f38ed4abddf438aa7e9c297244d3db88d35198eeba017c91cc46f646573a69c6,d297c1be30b50a61dcb9e42bbf46159b33fa90490d64c5a3d9c07bf0cf177342,735313,Removed from Git history; restore from external archive if exact retained artifact is needed.
results/dsh_validation/phase3_controlled_alignment/raw/paired_full_model_align100/seed009.per_proposition.parquet,raw_or_per_proposition_output,tractatus-heavy-retained-artifacts-2026-08-14.zip,f38ed4abddf438aa7e9c297244d3db88d35198eeba017c91cc46f646573a69c6,3d2e837a7bdd72c8848727fe63797ff0e8a6b1f7ae3b61854e82e578a0a3e73a,735396,Removed from Git history; restore from external archive if exact retained artifact is needed.
results/dsh_validation/phase3_controlled_alignment/raw/paired_full_model_align100/seed004.per_proposition.parquet,raw_or_per_proposition_output,tractatus-heavy-retained-artifacts-2026-08-14.zip,f38ed4abddf438aa7e9c297244d3db88d35198eeba017c91cc46f646573a69c6,73950199b1f4137d082e9112dc19d8472c7d25c249c6a128dab5a2c4e31210f4,734690,Removed from Git history; restore from external archive if exact retained artifact is needed.
results/dsh_validation/phase3_controlled_alignment/raw/paired_full_model_align100/seed005.per_proposition.parquet,raw_or_per_proposition_output,tractatus-heavy-retained-artifacts-2026-08-14.zip,f38ed4abddf438aa7e9c297244d3db88d35198eeba017c91cc46f646573a69c6,05e6c75326722452c5a57f67b8aebb48bf4a7dbf3709d88a2a57d3ab17304338,735063,Removed from Git history; restore from external archive if exact retained artifact is needed.
results/dsh_validation/phase3_controlled_alignment/raw/paired_full_model_align100/seed001.per_proposition.parquet,raw_or_per_proposition_output,tractatus-heavy-retained-artifacts-2026-08-14.zip,f38ed4abddf438aa7e9c297244d3db88d35198eeba017c91cc46f646573a69c6,54799847adaec69e95d348b7db6b66d486e04de7066d8c4ed00dd176eec6b090,734851,Removed from Git history; restore from external archive if exact retained artifact is needed.
results/dsh_validation/phase3_controlled_alignment/raw/paired_no_successor_align100/seed000.per_proposition.parquet,raw_or_per_proposition_output,tractatus-heavy-retained-artifacts-2026-08-14.zip,f38ed4abddf438aa7e9c297244d3db88d35198eeba017c91cc46f646573a69c6,b8cd58cf8f449d78f68856db98fa301b28be674fddd898b302984b2152a180bb,740773,Removed from Git history; restore from external archive if exact retained artifact is needed.
results/dsh_validation/phase3_controlled_alignment/raw/paired_no_successor_align100/seed002.per_proposition.parquet,raw_or_per_proposition_output,tractatus-heavy-retained-artifacts-2026-08-14.zip,f38ed4abddf438aa7e9c297244d3db88d35198eeba017c91cc46f646573a69c6,53516f8cfa9615245089a66bb7846c63f6643ca5b6c680648008a9331a84703e,740777,Removed from Git history; restore from external archive if exact retained artifact is needed.
results/dsh_validation/phase3_controlled_alignment/raw/paired_no_successor_align100/seed007.per_proposition.parquet,raw_or_per_proposition_output,tractatus-heavy-retained-artifacts-2026-08-14.zip,f38ed4abddf438aa7e9c297244d3db88d35198eeba017c91cc46f646573a69c6,30a5c70756264847a4370a2c93502e2e7ba65acbf1af673df7e9db3c1d517d59,739889,Removed from Git history; restore from external archive if exact retained artifact is needed.
results/dsh_validation/phase3_controlled_alignment/raw/paired_no_successor_align100/seed008.per_proposition.parquet,raw_or_per_proposition_output,tractatus-heavy-retained-artifacts-2026-08-14.zip,f38ed4abddf438aa7e9c297244d3db88d35198eeba017c91cc46f646573a69c6,eb813c2374569fac1427bf3d178ad89615aba343b204ad3a3d1e9d5e34f59b18,741461,Removed from Git history; restore from external archive if exact retained artifact is needed.
results/dsh_validation/phase3_controlled_alignment/raw/paired_no_successor_align100/seed003.per_proposition.parquet,raw_or_per_proposition_output,tractatus-heavy-retained-artifacts-2026-08-14.zip,f38ed4abddf438aa7e9c297244d3db88d35198eeba017c91cc46f646573a69c6,29a88a7d1957fba84991325c38dce27964f0c016b1154b0a5fe0681de787ada5,739950,Removed from Git history; restore from external archive if exact retained artifact is needed.
results/dsh_validation/phase3_controlled_alignment/raw/paired_no_successor_align100/seed006.per_proposition.parquet,raw_or_per_proposition_output,tractatus-heavy-retained-artifacts-2026-08-14.zip,f38ed4abddf438aa7e9c297244d3db88d35198eeba017c91cc46f646573a69c6,13fd10246691127cacf44c20109b0f6ceaa21b9e368436f66f44e0f2e468b457,740712,Removed from Git history; restore from external archive if exact retained artifact is needed.
results/dsh_validation/phase3_controlled_alignment/raw/paired_no_successor_align100/seed009.per_proposition.parquet,raw_or_per_proposition_output,tractatus-heavy-retained-artifacts-2026-08-14.zip,f38ed4abddf438aa7e9c297244d3db88d35198eeba017c91cc46f646573a69c6,4dfe309954fd5ae6441bd2c55220157f5e984c5133fab0b388cf79fc55587b53,741342,Removed from Git history; restore from external archive if exact retained artifact is needed.
results/dsh_validation/phase3_controlled_alignment/raw/paired_no_successor_align100/seed004.per_proposition.parquet,raw_or_per_proposition_output,tractatus-heavy-retained-artifacts-2026-08-14.zip,f38ed4abddf438aa7e9c297244d3db88d35198eeba017c91cc46f646573a69c6,514c93e19bc12505d776c81b9d0e352ae57286836bcef91ab72e91f62a334a86,740977,Removed from Git history; restore from external archive if exact retained artifact is needed.
results/dsh_validation/phase3_controlled_alignment/raw/paired_no_successor_align100/seed005.per_proposition.parquet,raw_or_per_proposition_output,tractatus-heavy-retained-artifacts-2026-08-14.zip,f38ed4abddf438aa7e9c297244d3db88d35198eeba017c91cc46f646573a69c6,dc7c177026cc8d71efd82fc54d93e16a665f8597dd7ee87abc6ee9fb44c46744,740371,Removed from Git history; restore from external archive if exact retained artifact is needed.
results/dsh_validation/phase3_controlled_alignment/raw/paired_no_successor_align100/seed001.per_proposition.parquet,raw_or_per_proposition_output,tractatus-heavy-retained-artifacts-2026-08-14.zip,f38ed4abddf438aa7e9c297244d3db88d35198eeba017c91cc46f646573a69c6,cbbabf32a40f914024073853441bafeb6679af43c263d0e3bdecee900ff167ee,740274,Removed from Git history; restore from external archive if exact retained artifact is needed.
results/dsh_validation/phase3_controlled_alignment/raw/paired_no_successor_align000/seed000.per_proposition.parquet,raw_or_per_proposition_output,tractatus-heavy-retained-artifacts-2026-08-14.zip,f38ed4abddf438aa7e9c297244d3db88d35198eeba017c91cc46f646573a69c6,51787ba9859c9b6d83edb71ab6ad3d008a0d3bddd03b510305e37354dacdc1d8,741726,Removed from Git history; restore from external archive if exact retained artifact is needed.
results/dsh_validation/phase3_controlled_alignment/raw/paired_no_successor_align000/seed002.per_proposition.parquet,raw_or_per_proposition_output,tractatus-heavy-retained-artifacts-2026-08-14.zip,f38ed4abddf438aa7e9c297244d3db88d35198eeba017c91cc46f646573a69c6,bdf863450c95820fc9b307b7f04d19ee0b8ca63ce50c1ccb7500d91ef21139f7,741348,Removed from Git history; restore from external archive if exact retained artifact is needed.
results/dsh_validation/phase3_controlled_alignment/raw/paired_no_successor_align000/seed007.per_proposition.parquet,raw_or_per_proposition_output,tractatus-heavy-retained-artifacts-2026-08-14.zip,f38ed4abddf438aa7e9c297244d3db88d35198eeba017c91cc46f646573a69c6,3989e8cac4493bac14c416a090c41dc9521a8e13ebdb7181654ff3fdf3400885,741357,Removed from Git history; restore from external archive if exact retained artifact is needed.
results/dsh_validation/phase3_controlled_alignment/raw/paired_no_successor_align000/seed008.per_proposition.parquet,raw_or_per_proposition_output,tractatus-heavy-retained-artifacts-2026-08-14.zip,f38ed4abddf438aa7e9c297244d3db88d35198eeba017c91cc46f646573a69c6,c2249b96fd8f635e2bf59be00fa985c205e8b5423bc73e95ef1728eb9631ccb9,742521,Removed from Git history; restore from external archive if exact retained artifact is needed.
results/dsh_validation/phase3_controlled_alignment/raw/paired_no_successor_align000/seed003.per_proposition.parquet,raw_or_per_proposition_output,tractatus-heavy-retained-artifacts-2026-08-14.zip,f38ed4abddf438aa7e9c297244d3db88d35198eeba017c91cc46f646573a69c6,22b2db78dcc2bd3813b8772f08655e5e5823e96acfa513c684e76c3e324ba079,739760,Removed from Git history; restore from external archive if exact retained artifact is needed.
results/dsh_validation/phase3_controlled_alignment/raw/paired_no_successor_align000/seed006.per_proposition.parquet,raw_or_per_proposition_output,tractatus-heavy-retained-artifacts-2026-08-14.zip,f38ed4abddf438aa7e9c297244d3db88d35198eeba017c91cc46f646573a69c6,e71d826ac862bf868ba7c9262ae8ce3d99889df0cbed62744684b9b6d341c476,741362,Removed from Git history; restore from external archive if exact retained artifact is needed.
results/dsh_validation/phase3_controlled_alignment/raw/paired_no_successor_align000/seed009.per_proposition.parquet,raw_or_per_proposition_output,tractatus-heavy-retained-artifacts-2026-08-14.zip,f38ed4abddf438aa7e9c297244d3db88d35198eeba017c91cc46f646573a69c6,b5b90632cb27f3053623a569582dff87b7c7fa78bab6cca4902c9b355fd79a72,741975,Removed from Git history; restore from external archive if exact retained artifact is needed.
results/dsh_validation/phase3_controlled_alignment/raw/paired_no_successor_align000/seed004.per_proposition.parquet,raw_or_per_proposition_output,tractatus-heavy-retained-artifacts-2026-08-14.zip,f38ed4abddf438aa7e9c297244d3db88d35198eeba017c91cc46f646573a69c6,833a81511a91515c264e1137c17825b0944b88b67b902b44be9efbfd10a7d1cf,741847,Removed from Git history; restore from external archive if exact retained artifact is needed.
results/dsh_validation/phase3_controlled_alignment/raw/paired_no_successor_align000/seed005.per_proposition.parquet,raw_or_per_proposition_output,tractatus-heavy-retained-artifacts-2026-08-14.zip,f38ed4abddf438aa7e9c297244d3db88d35198eeba017c91cc46f646573a69c6,4c0ad6aeafdbdde070df5efc5a524cdde9304b0bf0a941cdecfdd0dc42756db9,741815,Removed from Git history; restore from external archive if exact retained artifact is needed.
results/dsh_validation/phase3_controlled_alignment/raw/paired_no_successor_align000/seed001.per_proposition.parquet,raw_or_per_proposition_output,tractatus-heavy-retained-artifacts-2026-08-14.zip,f38ed4abddf438aa7e9c297244d3db88d35198eeba017c91cc46f646573a69c6,7bd71d2295d6d0d141f6d2f6aaa4e02e60d459a389acaae90dcb1b623460e42e,741671,Removed from Git history; restore from external archive if exact retained artifact is needed.
results/dsh_validation/phase3_controlled_alignment/raw/paired_full_model_align000/seed000.per_proposition.parquet,raw_or_per_proposition_output,tractatus-heavy-retained-artifacts-2026-08-14.zip,f38ed4abddf438aa7e9c297244d3db88d35198eeba017c91cc46f646573a69c6,350c529534f9c82b97398a77fd0cdfaa0d3ac98fc832b9fab87eaa0e6eae59b9,735912,Removed from Git history; restore from external archive if exact retained artifact is needed.
results/dsh_validation/phase3_controlled_alignment/raw/paired_full_model_align000/seed002.per_proposition.parquet,raw_or_per_proposition_output,tractatus-heavy-retained-artifacts-2026-08-14.zip,f38ed4abddf438aa7e9c297244d3db88d35198eeba017c91cc46f646573a69c6,35831b1d377758759a4aae8ff98bab320a12061d5508b3d712652ab065537ce7,735522,Removed from Git history; restore from external archive if exact retained artifact is needed.
results/dsh_validation/phase3_controlled_alignment/raw/paired_full_model_align000/seed007.per_proposition.parquet,raw_or_per_proposition_output,tractatus-heavy-retained-artifacts-2026-08-14.zip,f38ed4abddf438aa7e9c297244d3db88d35198eeba017c91cc46f646573a69c6,d9e20e2a9be8b36e7f8a7c718c49b7597f91b0fadd1dda744f7f7e43e13fed73,736130,Removed from Git history; restore from external archive if exact retained artifact is needed.
results/dsh_validation/phase3_controlled_alignment/raw/paired_full_model_align000/seed008.per_proposition.parquet,raw_or_per_proposition_output,tractatus-heavy-retained-artifacts-2026-08-14.zip,f38ed4abddf438aa7e9c297244d3db88d35198eeba017c91cc46f646573a69c6,f0d98fb3b634adc16834dea17194609666220922c2d7e8f63d12cb77b2f0f38c,735808,Removed from Git history; restore from external archive if exact retained artifact is needed.
results/dsh_validation/phase3_controlled_alignment/raw/paired_full_model_align000/seed003.per_proposition.parquet,raw_or_per_proposition_output,tractatus-heavy-retained-artifacts-2026-08-14.zip,f38ed4abddf438aa7e9c297244d3db88d35198eeba017c91cc46f646573a69c6,cd52e599f097e0a936ff6e43ca94c75d7bbcb6032b89cd9afbe86390b2886ebb,734874,Removed from Git history; restore from external archive if exact retained artifact is needed.
results/dsh_validation/phase3_controlled_alignment/raw/paired_full_model_align000/seed006.per_proposition.parquet,raw_or_per_proposition_output,tractatus-heavy-retained-artifacts-2026-08-14.zip,f38ed4abddf438aa7e9c297244d3db88d35198eeba017c91cc46f646573a69c6,c809f094ab263a7f1cea59932274833b0d9c71377946cda0753248589276dd93,735837,Removed from Git history; restore from external archive if exact retained artifact is needed.
results/dsh_validation/phase3_controlled_alignment/raw/paired_full_model_align000/seed009.per_proposition.parquet,raw_or_per_proposition_output,tractatus-heavy-retained-artifacts-2026-08-14.zip,f38ed4abddf438aa7e9c297244d3db88d35198eeba017c91cc46f646573a69c6,5749120ba954ffbe24e043cf27ead10bf5bf86d02090a76d522cf5572deac76b,736026,Removed from Git history; restore from external archive if exact retained artifact is needed.
results/dsh_validation/phase3_controlled_alignment/raw/paired_full_model_align000/seed004.per_proposition.parquet,raw_or_per_proposition_output,tractatus-heavy-retained-artifacts-2026-08-14.zip,f38ed4abddf438aa7e9c297244d3db88d35198eeba017c91cc46f646573a69c6,4918ed38cfb1040e21dc660dc45a343d1b4534e8b7cf13041f695de1f3b3db31,735648,Removed from Git history; restore from external archive if exact retained artifact is needed.
results/dsh_validation/phase3_controlled_alignment/raw/paired_full_model_align000/seed005.per_proposition.parquet,raw_or_per_proposition_output,tractatus-heavy-retained-artifacts-2026-08-14.zip,f38ed4abddf438aa7e9c297244d3db88d35198eeba017c91cc46f646573a69c6,00968448343f6a1f44c02468acc12ac051b0539a7460e208cb48c9a43029a06c,735601,Removed from Git history; restore from external archive if exact retained artifact is needed.
results/dsh_validation/phase3_controlled_alignment/raw/paired_full_model_align000/seed001.per_proposition.parquet,raw_or_per_proposition_output,tractatus-heavy-retained-artifacts-2026-08-14.zip,f38ed4abddf438aa7e9c297244d3db88d35198eeba017c91cc46f646573a69c6,3cb157005558d6347d76f91b260f6b53607cb75be5cf6848c4d93b2903700f7b,734242,Removed from Git history; restore from external archive if exact retained artifact is needed.
results/dsh_validation/phase3_controlled_alignment/raw/paired_no_successor_align010/seed000.per_proposition.parquet,raw_or_per_proposition_output,tractatus-heavy-retained-artifacts-2026-08-14.zip,f38ed4abddf438aa7e9c297244d3db88d35198eeba017c91cc46f646573a69c6,e745e794d4c7e6f74494796e70d96bb533808228fef8ddadbece74378a9f908f,742736,Removed from Git history; restore from external archive if exact retained artifact is needed.
results/dsh_validation/phase3_controlled_alignment/raw/paired_no_successor_align010/seed002.per_proposition.parquet,raw_or_per_proposition_output,tractatus-heavy-retained-artifacts-2026-08-14.zip,f38ed4abddf438aa7e9c297244d3db88d35198eeba017c91cc46f646573a69c6,7cb03530c982ceb6f2ef094b5704f923e98e7556bf4de9f2e4bcb91fbf3d79b4,741066,Removed from Git history; restore from external archive if exact retained artifact is needed.
results/dsh_validation/phase3_controlled_alignment/raw/paired_no_successor_align010/seed007.per_proposition.parquet,raw_or_per_proposition_output,tractatus-heavy-retained-artifacts-2026-08-14.zip,f38ed4abddf438aa7e9c297244d3db88d35198eeba017c91cc46f646573a69c6,9e9765e2e7628a9913662b4339b742c9c12e68e1ccbfab25c90a600e0184afde,740657,Removed from Git history; restore from external archive if exact retained artifact is needed.
results/dsh_validation/phase3_controlled_alignment/raw/paired_no_successor_align010/seed008.per_proposition.parquet,raw_or_per_proposition_output,tractatus-heavy-retained-artifacts-2026-08-14.zip,f38ed4abddf438aa7e9c297244d3db88d35198eeba017c91cc46f646573a69c6,5ebb9f90415e74452c0bf34b59690cb74fb1e68301d2fc1b8032c69eced1f51d,741294,Removed from Git history; restore from external archive if exact retained artifact is needed.
results/dsh_validation/phase3_controlled_alignment/raw/paired_no_successor_align010/seed003.per_proposition.parquet,raw_or_per_proposition_output,tractatus-heavy-retained-artifacts-2026-08-14.zip,f38ed4abddf438aa7e9c297244d3db88d35198eeba017c91cc46f646573a69c6,74c1a5d4a73bebd69f3317a64c52a48efb988dc78c05cd89577109a041372e7c,740904,Removed from Git history; restore from external archive if exact retained artifact is needed.
results/dsh_validation/phase3_controlled_alignment/raw/paired_no_successor_align010/seed006.per_proposition.parquet,raw_or_per_proposition_output,tractatus-heavy-retained-artifacts-2026-08-14.zip,f38ed4abddf438aa7e9c297244d3db88d35198eeba017c91cc46f646573a69c6,3794d15fc21ec072b382fc99f15c4783231cab682f2c8c0a2b2af4cf620e7b00,740873,Removed from Git history; restore from external archive if exact retained artifact is needed.
results/dsh_validation/phase3_controlled_alignment/raw/paired_no_successor_align010/seed009.per_proposition.parquet,raw_or_per_proposition_output,tractatus-heavy-retained-artifacts-2026-08-14.zip,f38ed4abddf438aa7e9c297244d3db88d35198eeba017c91cc46f646573a69c6,9cf50323c0fd876515c620f386fe1235dac3abcb0ff545232680e91331c066c6,741334,Removed from Git history; restore from external archive if exact retained artifact is needed.
results/dsh_validation/phase3_controlled_alignment/raw/paired_no_successor_align010/seed004.per_proposition.parquet,raw_or_per_proposition_output,tractatus-heavy-retained-artifacts-2026-08-14.zip,f38ed4abddf438aa7e9c297244d3db88d35198eeba017c91cc46f646573a69c6,4e326c335ef85d9152a55cc59c90fb11f8ee39ed24dbe729e446012b201ddb41,741018,Removed from Git history; restore from external archive if exact retained artifact is needed.
results/dsh_validation/phase3_controlled_alignment/raw/paired_no_successor_align010/seed005.per_proposition.parquet,raw_or_per_proposition_output,tractatus-heavy-retained-artifacts-2026-08-14.zip,f38ed4abddf438aa7e9c297244d3db88d35198eeba017c91cc46f646573a69c6,a145207da95a59b3761a4e0faf9f7aa56d106d819a1a4372996118d00eac342f,741538,Removed from Git history; restore from external archive if exact retained artifact is needed.
results/dsh_validation/phase3_controlled_alignment/raw/paired_no_successor_align010/seed001.per_proposition.parquet,raw_or_per_proposition_output,tractatus-heavy-retained-artifacts-2026-08-14.zip,f38ed4abddf438aa7e9c297244d3db88d35198eeba017c91cc46f646573a69c6,b98ff350c0e81ddd07f1f21448f78fd7ce6e244cfc8b6fda5aa19c20fdfbc3f1,740607,Removed from Git history; restore from external archive if exact retained artifact is needed.
results/dsh_validation/phase3_controlled_alignment/raw/paired_no_successor_align030/seed000.per_proposition.parquet,raw_or_per_proposition_output,tractatus-heavy-retained-artifacts-2026-08-14.zip,f38ed4abddf438aa7e9c297244d3db88d35198eeba017c91cc46f646573a69c6,b9fa1db46a1b21ed927a22ffe480ee0a4597f7f6fc0d684059e256e3cc72309d,741355,Removed from Git history; restore from external archive if exact retained artifact is needed.
results/dsh_validation/phase3_controlled_alignment/raw/paired_no_successor_align030/seed002.per_proposition.parquet,raw_or_per_proposition_output,tractatus-heavy-retained-artifacts-2026-08-14.zip,f38ed4abddf438aa7e9c297244d3db88d35198eeba017c91cc46f646573a69c6,ad97123624620123eb4db95000dd9daab1867c701bc04ae4f3eae0c9091cc4c1,741250,Removed from Git history; restore from external archive if exact retained artifact is needed.
results/dsh_validation/phase3_controlled_alignment/raw/paired_no_successor_align030/seed007.per_proposition.parquet,raw_or_per_proposition_output,tractatus-heavy-retained-artifacts-2026-08-14.zip,f38ed4abddf438aa7e9c297244d3db88d35198eeba017c91cc46f646573a69c6,e547b08c9edc1ae35bcb27e1b60364e72936e0a6531a86f568df8047f588e8af,740927,Removed from Git history; restore from external archive if exact retained artifact is needed.
results/dsh_validation/phase3_controlled_alignment/raw/paired_no_successor_align030/seed008.per_proposition.parquet,raw_or_per_proposition_output,tractatus-heavy-retained-artifacts-2026-08-14.zip,f38ed4abddf438aa7e9c297244d3db88d35198eeba017c91cc46f646573a69c6,2941560ffdf9d5cc490460bf086de26507a4afd41a2a318a67264813997d1949,741466,Removed from Git history; restore from external archive if exact retained artifact is needed.
results/dsh_validation/phase3_controlled_alignment/raw/paired_no_successor_align030/seed003.per_proposition.parquet,raw_or_per_proposition_output,tractatus-heavy-retained-artifacts-2026-08-14.zip,f38ed4abddf438aa7e9c297244d3db88d35198eeba017c91cc46f646573a69c6,e0a915d6594d40e10f3ab5dea01ad0c35e66223056d4b18481ce229ddcbbf44e,739710,Removed from Git history; restore from external archive if exact retained artifact is needed.
results/dsh_validation/phase3_controlled_alignment/raw/paired_no_successor_align030/seed006.per_proposition.parquet,raw_or_per_proposition_output,tractatus-heavy-retained-artifacts-2026-08-14.zip,f38ed4abddf438aa7e9c297244d3db88d35198eeba017c91cc46f646573a69c6,99b9ff4c0da9f00b1ed8ec089efcffea7d0cc0f3c310da470ec6b75b09bbd4d5,740590,Removed from Git history; restore from external archive if exact retained artifact is needed.
results/dsh_validation/phase3_controlled_alignment/raw/paired_no_successor_align030/seed009.per_proposition.parquet,raw_or_per_proposition_output,tractatus-heavy-retained-artifacts-2026-08-14.zip,f38ed4abddf438aa7e9c297244d3db88d35198eeba017c91cc46f646573a69c6,c65b2b6f4dc6726fc1a5545631e55a0dfc4d618ca8c49c76c178374f05ae0234,741482,Removed from Git history; restore from external archive if exact retained artifact is needed.
results/dsh_validation/phase3_controlled_alignment/raw/paired_no_successor_align030/seed004.per_proposition.parquet,raw_or_per_proposition_output,tractatus-heavy-retained-artifacts-2026-08-14.zip,f38ed4abddf438aa7e9c297244d3db88d35198eeba017c91cc46f646573a69c6,a78442aed4e28042414275d52b809f18d6dbee85f4e43fd30f461f720e8eefab,740838,Removed from Git history; restore from external archive if exact retained artifact is needed.
results/dsh_validation/phase3_controlled_alignment/raw/paired_no_successor_align030/seed005.per_proposition.parquet,raw_or_per_proposition_output,tractatus-heavy-retained-artifacts-2026-08-14.zip,f38ed4abddf438aa7e9c297244d3db88d35198eeba017c91cc46f646573a69c6,5783a468b9e30c6c96ed0b7f3bb71acecb1b02fe76b923058204451ea3ea772d,741710,Removed from Git history; restore from external archive if exact retained artifact is needed.
results/dsh_validation/phase3_controlled_alignment/raw/paired_no_successor_align030/seed001.per_proposition.parquet,raw_or_per_proposition_output,tractatus-heavy-retained-artifacts-2026-08-14.zip,f38ed4abddf438aa7e9c297244d3db88d35198eeba017c91cc46f646573a69c6,83b7a97effcc89fc3027e7a3e5e2ade92593ae8b111815b5a61895003d68af40,739003,Removed from Git history; restore from external archive if exact retained artifact is needed.
results/dsh_validation/phase3_controlled_alignment/raw/paired_no_successor_align003/seed000.per_proposition.parquet,raw_or_per_proposition_output,tractatus-heavy-retained-artifacts-2026-08-14.zip,f38ed4abddf438aa7e9c297244d3db88d35198eeba017c91cc46f646573a69c6,7fd08087c31b13453e33ee009a5e9571f15eacbb8fc9973fd026c26b2acd9271,741325,Removed from Git history; restore from external archive if exact retained artifact is needed.
results/dsh_validation/phase3_controlled_alignment/raw/paired_no_successor_align003/seed002.per_proposition.parquet,raw_or_per_proposition_output,tractatus-heavy-retained-artifacts-2026-08-14.zip,f38ed4abddf438aa7e9c297244d3db88d35198eeba017c91cc46f646573a69c6,389750dcf853a1a4f13368ed8ef261e974ea753b7e2a49c2fcacdb8235201ae6,741168,Removed from Git history; restore from external archive if exact retained artifact is needed.
results/dsh_validation/phase3_controlled_alignment/raw/paired_no_successor_align003/seed007.per_proposition.parquet,raw_or_per_proposition_output,tractatus-heavy-retained-artifacts-2026-08-14.zip,f38ed4abddf438aa7e9c297244d3db88d35198eeba017c91cc46f646573a69c6,cee62a418b44410a3cc61deb78b73217b7e13a4c70411d2e141c9d093349d293,741337,Removed from Git history; restore from external archive if exact retained artifact is needed.
results/dsh_validation/phase3_controlled_alignment/raw/paired_no_successor_align003/seed008.per_proposition.parquet,raw_or_per_proposition_output,tractatus-heavy-retained-artifacts-2026-08-14.zip,f38ed4abddf438aa7e9c297244d3db88d35198eeba017c91cc46f646573a69c6,fdefec812a6cb45fb6264e596a77ef2d87627ff9ae199396528da956e64dd04e,742349,Removed from Git history; restore from external archive if exact retained artifact is needed.
results/dsh_validation/phase3_controlled_alignment/raw/paired_no_successor_align003/seed003.per_proposition.parquet,raw_or_per_proposition_output,tractatus-heavy-retained-artifacts-2026-08-14.zip,f38ed4abddf438aa7e9c297244d3db88d35198eeba017c91cc46f646573a69c6,5c74dd83b75319012d84b685e51b8bcf34bc1fbe155e4e2f49b5bdd2827d937d,740387,Removed from Git history; restore from external archive if exact retained artifact is needed.
results/dsh_validation/phase3_controlled_alignment/raw/paired_no_successor_align003/seed006.per_proposition.parquet,raw_or_per_proposition_output,tractatus-heavy-retained-artifacts-2026-08-14.zip,f38ed4abddf438aa7e9c297244d3db88d35198eeba017c91cc46f646573a69c6,6dfc97fc661c5b2b632854a7a027d455c292cd60e68c5438b2a18c45c608e6d1,741934,Removed from Git history; restore from external archive if exact retained artifact is needed.
results/dsh_validation/phase3_controlled_alignment/raw/paired_no_successor_align003/seed009.per_proposition.parquet,raw_or_per_proposition_output,tractatus-heavy-retained-artifacts-2026-08-14.zip,f38ed4abddf438aa7e9c297244d3db88d35198eeba017c91cc46f646573a69c6,e9e79dc1222060784bbe07067af799b96d0d2c12260582c87be50558a55f4f21,741825,Removed from Git history; restore from external archive if exact retained artifact is needed.
results/dsh_validation/phase3_controlled_alignment/raw/paired_no_successor_align003/seed004.per_proposition.parquet,raw_or_per_proposition_output,tractatus-heavy-retained-artifacts-2026-08-14.zip,f38ed4abddf438aa7e9c297244d3db88d35198eeba017c91cc46f646573a69c6,d5816bde1e92b928fc7f748a44dd5a7e8fde2ba15381a71870e21e8dadd280b3,740764,Removed from Git history; restore from external archive if exact retained artifact is needed.
results/dsh_validation/phase3_controlled_alignment/raw/paired_no_successor_align003/seed005.per_proposition.parquet,raw_or_per_proposition_output,tractatus-heavy-retained-artifacts-2026-08-14.zip,f38ed4abddf438aa7e9c297244d3db88d35198eeba017c91cc46f646573a69c6,3e86b1e32e9675dc5cc58bb5e6559ba072e338704ea7379491ff05e3a4dd6c95,741007,Removed from Git history; restore from external archive if exact retained artifact is needed.
results/dsh_validation/phase3_controlled_alignment/raw/paired_no_successor_align003/seed001.per_proposition.parquet,raw_or_per_proposition_output,tractatus-heavy-retained-artifacts-2026-08-14.zip,f38ed4abddf438aa7e9c297244d3db88d35198eeba017c91cc46f646573a69c6,f5d236e0ac79dae0be5de23f63af6875aabc455f0ba34aea1e3667d38aac37ec,740294,Removed from Git history; restore from external archive if exact retained artifact is needed.
results/dsh_validation/phase3_controlled_alignment/raw/paired_full_model_align030/seed000.per_proposition.parquet,raw_or_per_proposition_output,tractatus-heavy-retained-artifacts-2026-08-14.zip,f38ed4abddf438aa7e9c297244d3db88d35198eeba017c91cc46f646573a69c6,b58dce0ede7b535d869b30b04e7c7c5397e901b8d2fe3b02b9f72ef93882100c,734696,Removed from Git history; restore from external archive if exact retained artifact is needed.
results/dsh_validation/phase3_controlled_alignment/raw/paired_full_model_align030/seed002.per_proposition.parquet,raw_or_per_proposition_output,tractatus-heavy-retained-artifacts-2026-08-14.zip,f38ed4abddf438aa7e9c297244d3db88d35198eeba017c91cc46f646573a69c6,e5a570a8a18b257cc0f9458bd6f0ab75687d309a2159ca42b80b0976ed3a3787,734568,Removed from Git history; restore from external archive if exact retained artifact is needed.
results/dsh_validation/phase3_controlled_alignment/raw/paired_full_model_align030/seed007.per_proposition.parquet,raw_or_per_proposition_output,tractatus-heavy-retained-artifacts-2026-08-14.zip,f38ed4abddf438aa7e9c297244d3db88d35198eeba017c91cc46f646573a69c6,4183f979dd9433c7976497291fa88ff20ec65a2995444812805baf1356d2a26f,735249,Removed from Git history; restore from external archive if exact retained artifact is needed.
results/dsh_validation/phase3_controlled_alignment/raw/paired_full_model_align030/seed008.per_proposition.parquet,raw_or_per_proposition_output,tractatus-heavy-retained-artifacts-2026-08-14.zip,f38ed4abddf438aa7e9c297244d3db88d35198eeba017c91cc46f646573a69c6,ac7be8f90b79c47699caceec7982f6ff0b7576ddf0a083f9cb9f215e4c3df52e,736482,Removed from Git history; restore from external archive if exact retained artifact is needed.
results/dsh_validation/phase3_controlled_alignment/raw/paired_full_model_align030/seed003.per_proposition.parquet,raw_or_per_proposition_output,tractatus-heavy-retained-artifacts-2026-08-14.zip,f38ed4abddf438aa7e9c297244d3db88d35198eeba017c91cc46f646573a69c6,6dc5fab827751f29d6440e75457cd14cd47ac509ce75691a64924d2425fb6d6e,734539,Removed from Git history; restore from external archive if exact retained artifact is needed.
results/dsh_validation/phase3_controlled_alignment/raw/paired_full_model_align030/seed006.per_proposition.parquet,raw_or_per_proposition_output,tractatus-heavy-retained-artifacts-2026-08-14.zip,f38ed4abddf438aa7e9c297244d3db88d35198eeba017c91cc46f646573a69c6,d572f1d6f6a611d387ac15c4a11c339ece94f9e23ad3fcd84a443c08f51f7f9b,734523,Removed from Git history; restore from external archive if exact retained artifact is needed.
results/dsh_validation/phase3_controlled_alignment/raw/paired_full_model_align030/seed009.per_proposition.parquet,raw_or_per_proposition_output,tractatus-heavy-retained-artifacts-2026-08-14.zip,f38ed4abddf438aa7e9c297244d3db88d35198eeba017c91cc46f646573a69c6,c22727fef1e784db2589da807882ced0b30bc48015c98320138be3ff587cb11b,735530,Removed from Git history; restore from external archive if exact retained artifact is needed.
results/dsh_validation/phase3_controlled_alignment/raw/paired_full_model_align030/seed004.per_proposition.parquet,raw_or_per_proposition_output,tractatus-heavy-retained-artifacts-2026-08-14.zip,f38ed4abddf438aa7e9c297244d3db88d35198eeba017c91cc46f646573a69c6,f6f7b3638c57f5d9233b88c7d6e7db57d74c8751570ec9c07cccd2cd3cc23e8e,734549,Removed from Git history; restore from external archive if exact retained artifact is needed.
results/dsh_validation/phase3_controlled_alignment/raw/paired_full_model_align030/seed005.per_proposition.parquet,raw_or_per_proposition_output,tractatus-heavy-retained-artifacts-2026-08-14.zip,f38ed4abddf438aa7e9c297244d3db88d35198eeba017c91cc46f646573a69c6,36186d7108390d051e9aa8b81505c843a2086d03efa4351b3fb83799454d44b9,734552,Removed from Git history; restore from external archive if exact retained artifact is needed.
results/dsh_validation/phase3_controlled_alignment/raw/paired_full_model_align030/seed001.per_proposition.parquet,raw_or_per_proposition_output,tractatus-heavy-retained-artifacts-2026-08-14.zip,f38ed4abddf438aa7e9c297244d3db88d35198eeba017c91cc46f646573a69c6,e96c0ace0f2355601a159b7d24d7554a74bd4f10ff4fce3b4f8fcb3d2dca56a7,733740,Removed from Git history; restore from external archive if exact retained artifact is needed.
results/dsh_validation/phase3_controlled_alignment/raw/paired_full_model_align010/seed000.per_proposition.parquet,raw_or_per_proposition_output,tractatus-heavy-retained-artifacts-2026-08-14.zip,f38ed4abddf438aa7e9c297244d3db88d35198eeba017c91cc46f646573a69c6,26b457399e1f846b6f0f13c82616f50d8ed3cf7f5c717088a916d7e6343ce9fa,735091,Removed from Git history; restore from external archive if exact retained artifact is needed.
results/dsh_validation/phase3_controlled_alignment/raw/paired_full_model_align010/seed002.per_proposition.parquet,raw_or_per_proposition_output,tractatus-heavy-retained-artifacts-2026-08-14.zip,f38ed4abddf438aa7e9c297244d3db88d35198eeba017c91cc46f646573a69c6,f722ac7163cab673a4415c488f51c4e791c1498006309f120a13024c20c4d668,734606,Removed from Git history; restore from external archive if exact retained artifact is needed.
results/dsh_validation/phase3_controlled_alignment/raw/paired_full_model_align010/seed007.per_proposition.parquet,raw_or_per_proposition_output,tractatus-heavy-retained-artifacts-2026-08-14.zip,f38ed4abddf438aa7e9c297244d3db88d35198eeba017c91cc46f646573a69c6,cdbbf9ae472ace6560c939b59198c0dd4ebf132838c3b03f810473739da7889f,734828,Removed from Git history; restore from external archive if exact retained artifact is needed.
results/dsh_validation/phase3_controlled_alignment/raw/paired_full_model_align010/seed008.per_proposition.parquet,raw_or_per_proposition_output,tractatus-heavy-retained-artifacts-2026-08-14.zip,f38ed4abddf438aa7e9c297244d3db88d35198eeba017c91cc46f646573a69c6,2c5614bdbe9e5eb1cac2a4d1498387f0faa84d24c8973b32653282840dae7fac,736015,Removed from Git history; restore from external archive if exact retained artifact is needed.
results/dsh_validation/phase3_controlled_alignment/raw/paired_full_model_align010/seed003.per_proposition.parquet,raw_or_per_proposition_output,tractatus-heavy-retained-artifacts-2026-08-14.zip,f38ed4abddf438aa7e9c297244d3db88d35198eeba017c91cc46f646573a69c6,39fe0e89e405e464a0d6dc478424c9b0f8511230608753858d6939dbbe46c40c,735075,Removed from Git history; restore from external archive if exact retained artifact is needed.
results/dsh_validation/phase3_controlled_alignment/raw/paired_full_model_align010/seed006.per_proposition.parquet,raw_or_per_proposition_output,tractatus-heavy-retained-artifacts-2026-08-14.zip,f38ed4abddf438aa7e9c297244d3db88d35198eeba017c91cc46f646573a69c6,8f7b3c00e4314c7f53f5012b7d1085a16c40e2e62bf68fd65283b3ad9ecb3bd0,735118,Removed from Git history; restore from external archive if exact retained artifact is needed.
results/dsh_validation/phase3_controlled_alignment/raw/paired_full_model_align010/seed009.per_proposition.parquet,raw_or_per_proposition_output,tractatus-heavy-retained-artifacts-2026-08-14.zip,f38ed4abddf438aa7e9c297244d3db88d35198eeba017c91cc46f646573a69c6,b3d6d788222c799a8f70898d71e683927984f8f058bcbef86bebfd1ab27a1c9c,735928,Removed from Git history; restore from external archive if exact retained artifact is needed.
results/dsh_validation/phase3_controlled_alignment/raw/paired_full_model_align010/seed004.per_proposition.parquet,raw_or_per_proposition_output,tractatus-heavy-retained-artifacts-2026-08-14.zip,f38ed4abddf438aa7e9c297244d3db88d35198eeba017c91cc46f646573a69c6,cecae83f27079c2db394968bee7462790b28b37ca8771d53a831399996e62c78,734980,Removed from Git history; restore from external archive if exact retained artifact is needed.
results/dsh_validation/phase3_controlled_alignment/raw/paired_full_model_align010/seed005.per_proposition.parquet,raw_or_per_proposition_output,tractatus-heavy-retained-artifacts-2026-08-14.zip,f38ed4abddf438aa7e9c297244d3db88d35198eeba017c91cc46f646573a69c6,5c3c31c006d57217ab64002e4eedb665214551942d8eb3b5617ea9dcc0a1f6e5,735205,Removed from Git history; restore from external archive if exact retained artifact is needed.
results/dsh_validation/phase3_controlled_alignment/raw/paired_full_model_align010/seed001.per_proposition.parquet,raw_or_per_proposition_output,tractatus-heavy-retained-artifacts-2026-08-14.zip,f38ed4abddf438aa7e9c297244d3db88d35198eeba017c91cc46f646573a69c6,c5e3f22dea9e08b80bdf079e13f3e88dc5cb208aad15f9bf851ac7f37ce1f4b6,734152,Removed from Git history; restore from external archive if exact retained artifact is needed.
results/dsh_validation/phase3_controlled_alignment/phase3_epoch_trajectories.parquet,raw_or_per_proposition_output,tractatus-heavy-retained-artifacts-2026-08-14.zip,f38ed4abddf438aa7e9c297244d3db88d35198eeba017c91cc46f646573a69c6,b83bb827d8649f356453de650bad421202f1b3d2593271da03dea178661976f5,986082,Removed from Git history; restore from external archive if exact retained artifact is needed.
results/dsh_validation/phase3_controlled_alignment/smoke/per_seed/paired_full_model_align000/seed000.metrics.json,smoke_output,tractatus-heavy-retained-artifacts-2026-08-14.zip,f38ed4abddf438aa7e9c297244d3db88d35198eeba017c91cc46f646573a69c6,e08633ea97aac4c1f56401d55b4058e04b5d589d73d2523f138ddc1cd927e2c3,5623,Removed from Git history; restore from external archive if exact retained artifact is needed.
results/dsh_validation/phase3_controlled_alignment/smoke/raw/paired_full_model_align000/seed000.per_proposition.parquet,raw_or_per_proposition_output,tractatus-heavy-retained-artifacts-2026-08-14.zip,f38ed4abddf438aa7e9c297244d3db88d35198eeba017c91cc46f646573a69c6,33ecbba0cc82c3418170a0782f8dfcdbfbf5e9b16999378cd79b3fa3763df7d1,748934,Removed from Git history; restore from external archive if exact retained artifact is needed.
results/dsh_validation/phase3_controlled_alignment/smoke/phase3_summary.csv,smoke_output,tractatus-heavy-retained-artifacts-2026-08-14.zip,f38ed4abddf438aa7e9c297244d3db88d35198eeba017c91cc46f646573a69c6,4e7b8f8509fa0726f6d6c0c87a6599d8016885e68e8f9bab337eb67b508adec6,7832,Removed from Git history; restore from external archive if exact retained artifact is needed.
results/dsh_validation/phase3_controlled_alignment/smoke/phase3_epoch_trajectories.parquet,raw_or_per_proposition_output,tractatus-heavy-retained-artifacts-2026-08-14.zip,f38ed4abddf438aa7e9c297244d3db88d35198eeba017c91cc46f646573a69c6,bddfb4905aa6bb8b07088a55b7355339c37f0c37752c304e5e2e3d5134fd4a18,14597,Removed from Git history; restore from external archive if exact retained artifact is needed.
results/dsh_validation/phase3_controlled_alignment/smoke/phase3_pair_coverage.csv,smoke_output,tractatus-heavy-retained-artifacts-2026-08-14.zip,f38ed4abddf438aa7e9c297244d3db88d35198eeba017c91cc46f646573a69c6,b20cf77c78ed29954693ac3af5be3bc55dff7a345c070f760625c8815936f751,127,Removed from Git history; restore from external archive if exact retained artifact is needed.
results/dsh_validation/phase3_controlled_alignment/smoke/figures/formal_parent_accuracy_across_lambda.png,smoke_output,tractatus-heavy-retained-artifacts-2026-08-14.zip,f38ed4abddf438aa7e9c297244d3db88d35198eeba017c91cc46f646573a69c6,2881843a229e380e5f137832a118a36f747590ba5ee4eb56e03be945b094cf67,157892,Removed from Git history; restore from external archive if exact retained artifact is needed.
results/dsh_validation/phase3_controlled_alignment/smoke/figures/posterior_variance_across_lambda.png,smoke_output,tractatus-heavy-retained-artifacts-2026-08-14.zip,f38ed4abddf438aa7e9c297244d3db88d35198eeba017c91cc46f646573a69c6,f65b4e04905c57e2576b4023e1f4d227119df4b64d464a4c8ee9acc111221b2d,164033,Removed from Git history; restore from external archive if exact retained artifact is needed.
results/dsh_validation/phase3_controlled_alignment/smoke/figures/formal_depth_accuracy_across_lambda.png,smoke_output,tractatus-heavy-retained-artifacts-2026-08-14.zip,f38ed4abddf438aa7e9c297244d3db88d35198eeba017c91cc46f646573a69c6,33674931fc3dd85bcacc65c92c115ae6613f28505bde13ee4dfb388fd456e6ad,149405,Removed from Git history; restore from external archive if exact retained artifact is needed.
results/dsh_validation/phase3_controlled_alignment/smoke/figures/retrieval_across_lambda.png,smoke_output,tractatus-heavy-retained-artifacts-2026-08-14.zip,f38ed4abddf438aa7e9c297244d3db88d35198eeba017c91cc46f646573a69c6,00dd33b253979adedd57defc6318cb673a78a3a84ac642f0a5de5380d379da41,176672,Removed from Git history; restore from external archive if exact retained artifact is needed.
results/dsh_validation/phase3_controlled_alignment/smoke/figures/same_id_distance_across_lambda.png,smoke_output,tractatus-heavy-retained-artifacts-2026-08-14.zip,f38ed4abddf438aa7e9c297244d3db88d35198eeba017c91cc46f646573a69c6,3bd3e23aedfa39de7d637de560e656dd8bd4eeeace3b274586322b883ba89ca8,162400,Removed from Git history; restore from external archive if exact retained artifact is needed.
results/dsh_validation/phase3_controlled_alignment/smoke/figures/structure_mean_norm_across_lambda.png,smoke_output,tractatus-heavy-retained-artifacts-2026-08-14.zip,f38ed4abddf438aa7e9c297244d3db88d35198eeba017c91cc46f646573a69c6,c6fe53599aa0d9539f9922a01abce8b2ee263ae70538950310d10bd3850694ab,143327,Removed from Git history; restore from external archive if exact retained artifact is needed.
results/dsh_validation/phase3_controlled_alignment/smoke/figures/alignment_loss_trajectories.png,smoke_output,tractatus-heavy-retained-artifacts-2026-08-14.zip,f38ed4abddf438aa7e9c297244d3db88d35198eeba017c91cc46f646573a69c6,c6cb57616b973dd3baf211290f78b5b5e528b81418d62999b467aa1095779147,148407,Removed from Git history; restore from external archive if exact retained artifact is needed.
results/dsh_validation/phase3_controlled_alignment/smoke/figures/formal_successor_accuracy_across_lambda.png,smoke_output,tractatus-heavy-retained-artifacts-2026-08-14.zip,f38ed4abddf438aa7e9c297244d3db88d35198eeba017c91cc46f646573a69c6,552926db7bd62ddc02396853a3527d763cd0ebb6ca8c15d3f9954ee6d26e943a,202584,Removed from Git history; restore from external archive if exact retained artifact is needed.
results/dsh_validation/phase3_controlled_alignment/smoke/phase3_alignment_report.md,smoke_output,tractatus-heavy-retained-artifacts-2026-08-14.zip,f38ed4abddf438aa7e9c297244d3db88d35198eeba017c91cc46f646573a69c6,e1ff24f21be52052db85e9fc7dd4ab59fc9e77a4d142944221b502e7ac7dfd20,5225,Removed from Git history; restore from external archive if exact retained artifact is needed.
results/dsh_validation/phase3_controlled_alignment/smoke/checkpoints/paired/full_model/align000/seed000.pt,model_checkpoint,tractatus-heavy-retained-artifacts-2026-08-14.zip,f38ed4abddf438aa7e9c297244d3db88d35198eeba017c91cc46f646573a69c6,4577b5e5674d3248baf9f6c4a6f6f0a254af862501a8ad32a6b1c0737b4c7e15,7480960,Removed from Git history; restore from external archive if exact retained artifact is needed.
results/dsh_validation/phase3_controlled_alignment/smoke/checkpoints/paired/full_model/align000/seed000.vocab.json,model_checkpoint,tractatus-heavy-retained-artifacts-2026-08-14.zip,f38ed4abddf438aa7e9c297244d3db88d35198eeba017c91cc46f646573a69c6,78888d26667b893a581f4e01126f47d7eaacf91c1de795c5b871ce2e57655c72,74991,Removed from Git history; restore from external archive if exact retained artifact is needed.
results/dsh_validation/phase3_controlled_alignment/smoke/logs/paired/full_model/align000/seed000.train.log,smoke_output,tractatus-heavy-retained-artifacts-2026-08-14.zip,f38ed4abddf438aa7e9c297244d3db88d35198eeba017c91cc46f646573a69c6,bc39113c3d05183c1781fc0bdf2eb72c9fd44b55839753d8918a44e3f7cbeeca,249,Removed from Git history; restore from external archive if exact retained artifact is needed.
results/dsh_validation/phase3_controlled_alignment/smoke/epoch_trajectories/paired/full_model/align000/seed000.csv,smoke_output,tractatus-heavy-retained-artifacts-2026-08-14.zip,f38ed4abddf438aa7e9c297244d3db88d35198eeba017c91cc46f646573a69c6,4382a702e119564ee5291e984b4df0d96e875be18a8be37566122cca9b810b3f,563,Removed from Git history; restore from external archive if exact retained artifact is needed.
results/dsh_validation/phase3_controlled_alignment/smoke/configs/paired_full_model.json,smoke_output,tractatus-heavy-retained-artifacts-2026-08-14.zip,f38ed4abddf438aa7e9c297244d3db88d35198eeba017c91cc46f646573a69c6,a74f81b6e6a11b2a600f777e24471c73c5aa141b5056d6692d2876c20e8d8009,601,Removed from Git history; restore from external archive if exact retained artifact is needed.
results/dsh_validation/phase3_controlled_alignment/smoke/phase3_seed_results.csv,smoke_output,tractatus-heavy-retained-artifacts-2026-08-14.zip,f38ed4abddf438aa7e9c297244d3db88d35198eeba017c91cc46f646573a69c6,3dbc4369742ded3716a27c9e50413b09cc5b1034a7d6e2b4f90ba062b4047752,5267,Removed from Git history; restore from external archive if exact retained artifact is needed.
results/dsh_validation/phase3_controlled_alignment/smoke/phase3_commands.sh,smoke_output,tractatus-heavy-retained-artifacts-2026-08-14.zip,f38ed4abddf438aa7e9c297244d3db88d35198eeba017c91cc46f646573a69c6,79587630548733ae4498b694a467fd2f0f07af9aebe02de5399ee4d214abc068,1624,Removed from Git history; restore from external archive if exact retained artifact is needed.
results/dsh_validation/phase3_controlled_alignment/checkpoints/paired/no_successor/align100/seed006.vocab.json,model_checkpoint,tractatus-heavy-retained-artifacts-2026-08-14.zip,f38ed4abddf438aa7e9c297244d3db88d35198eeba017c91cc46f646573a69c6,78888d26667b893a581f4e01126f47d7eaacf91c1de795c5b871ce2e57655c72,74991,Removed from Git history; restore from external archive if exact retained artifact is needed.
results/dsh_validation/phase3_controlled_alignment/checkpoints/paired/no_successor/align100/seed007.vocab.json,model_checkpoint,tractatus-heavy-retained-artifacts-2026-08-14.zip,f38ed4abddf438aa7e9c297244d3db88d35198eeba017c91cc46f646573a69c6,78888d26667b893a581f4e01126f47d7eaacf91c1de795c5b871ce2e57655c72,74991,Removed from Git history; restore from external archive if exact retained artifact is needed.
results/dsh_validation/phase3_controlled_alignment/checkpoints/paired/no_successor/align100/seed009.pt,model_checkpoint,tractatus-heavy-retained-artifacts-2026-08-14.zip,f38ed4abddf438aa7e9c297244d3db88d35198eeba017c91cc46f646573a69c6,cc3cf5db6dfb9624bc95e2e1bac812117f87f909b6c2b4252ef133bb6e94b0a6,7479454,Removed from Git history; restore from external archive if exact retained artifact is needed.
results/dsh_validation/phase3_controlled_alignment/checkpoints/paired/no_successor/align100/seed002.pt,model_checkpoint,tractatus-heavy-retained-artifacts-2026-08-14.zip,f38ed4abddf438aa7e9c297244d3db88d35198eeba017c91cc46f646573a69c6,51ff6614d5bfd38bc76663f174b1d6afeba2c870f293c9fb5ab33d41704bf053,7479454,Removed from Git history; restore from external archive if exact retained artifact is needed.
results/dsh_validation/phase3_controlled_alignment/checkpoints/paired/no_successor/align100/seed008.pt,model_checkpoint,tractatus-heavy-retained-artifacts-2026-08-14.zip,f38ed4abddf438aa7e9c297244d3db88d35198eeba017c91cc46f646573a69c6,280aa4a600325865114d14984ba4e7717babe3c189638baab8f121f4a2afb6d0,7479454,Removed from Git history; restore from external archive if exact retained artifact is needed.
results/dsh_validation/phase3_controlled_alignment/checkpoints/paired/no_successor/align100/seed001.pt,model_checkpoint,tractatus-heavy-retained-artifacts-2026-08-14.zip,f38ed4abddf438aa7e9c297244d3db88d35198eeba017c91cc46f646573a69c6,3d0b419fc858af73648137ae78dcf74a976ac3b16d4dfff1222999b151a09e0a,7479454,Removed from Git history; restore from external archive if exact retained artifact is needed.
results/dsh_validation/phase3_controlled_alignment/checkpoints/paired/no_successor/align100/seed000.pt,model_checkpoint,tractatus-heavy-retained-artifacts-2026-08-14.zip,f38ed4abddf438aa7e9c297244d3db88d35198eeba017c91cc46f646573a69c6,8e91dc4fe54b3749f90959a7dc314ba346ef9afa92f4344750d1faefbc39c6bb,7479454,Removed from Git history; restore from external archive if exact retained artifact is needed.
results/dsh_validation/phase3_controlled_alignment/checkpoints/paired/no_successor/align100/seed003.pt,model_checkpoint,tractatus-heavy-retained-artifacts-2026-08-14.zip,f38ed4abddf438aa7e9c297244d3db88d35198eeba017c91cc46f646573a69c6,e2dac1bd55acea915f4af31bf61d0f67f1343105d1e2fb36a266792eda53a453,7479454,Removed from Git history; restore from external archive if exact retained artifact is needed.
results/dsh_validation/phase3_controlled_alignment/checkpoints/paired/no_successor/align100/seed003.vocab.json,model_checkpoint,tractatus-heavy-retained-artifacts-2026-08-14.zip,f38ed4abddf438aa7e9c297244d3db88d35198eeba017c91cc46f646573a69c6,78888d26667b893a581f4e01126f47d7eaacf91c1de795c5b871ce2e57655c72,74991,Removed from Git history; restore from external archive if exact retained artifact is needed.
results/dsh_validation/phase3_controlled_alignment/checkpoints/paired/no_successor/align100/seed006.pt,model_checkpoint,tractatus-heavy-retained-artifacts-2026-08-14.zip,f38ed4abddf438aa7e9c297244d3db88d35198eeba017c91cc46f646573a69c6,79bbb8440e8ac75a761a0162d29bb3e9f889e66c11f1c1fd2203e4c12d99d1f0,7479454,Removed from Git history; restore from external archive if exact retained artifact is needed.
results/dsh_validation/phase3_controlled_alignment/checkpoints/paired/no_successor/align100/seed008.vocab.json,model_checkpoint,tractatus-heavy-retained-artifacts-2026-08-14.zip,f38ed4abddf438aa7e9c297244d3db88d35198eeba017c91cc46f646573a69c6,78888d26667b893a581f4e01126f47d7eaacf91c1de795c5b871ce2e57655c72,74991,Removed from Git history; restore from external archive if exact retained artifact is needed.
results/dsh_validation/phase3_controlled_alignment/checkpoints/paired/no_successor/align100/seed002.vocab.json,model_checkpoint,tractatus-heavy-retained-artifacts-2026-08-14.zip,f38ed4abddf438aa7e9c297244d3db88d35198eeba017c91cc46f646573a69c6,78888d26667b893a581f4e01126f47d7eaacf91c1de795c5b871ce2e57655c72,74991,Removed from Git history; restore from external archive if exact retained artifact is needed.
results/dsh_validation/phase3_controlled_alignment/checkpoints/paired/no_successor/align100/seed005.pt,model_checkpoint,tractatus-heavy-retained-artifacts-2026-08-14.zip,f38ed4abddf438aa7e9c297244d3db88d35198eeba017c91cc46f646573a69c6,a38521b4870820caeea25da71a79ece2ccabcd9b3497a10e4980bebabb1e8667,7479454,Removed from Git history; restore from external archive if exact retained artifact is needed.
results/dsh_validation/phase3_controlled_alignment/checkpoints/paired/no_successor/align100/seed009.vocab.json,model_checkpoint,tractatus-heavy-retained-artifacts-2026-08-14.zip,f38ed4abddf438aa7e9c297244d3db88d35198eeba017c91cc46f646573a69c6,78888d26667b893a581f4e01126f47d7eaacf91c1de795c5b871ce2e57655c72,74991,Removed from Git history; restore from external archive if exact retained artifact is needed.
results/dsh_validation/phase3_controlled_alignment/checkpoints/paired/no_successor/align100/seed001.vocab.json,model_checkpoint,tractatus-heavy-retained-artifacts-2026-08-14.zip,f38ed4abddf438aa7e9c297244d3db88d35198eeba017c91cc46f646573a69c6,78888d26667b893a581f4e01126f47d7eaacf91c1de795c5b871ce2e57655c72,74991,Removed from Git history; restore from external archive if exact retained artifact is needed.
results/dsh_validation/phase3_controlled_alignment/checkpoints/paired/no_successor/align100/seed005.vocab.json,model_checkpoint,tractatus-heavy-retained-artifacts-2026-08-14.zip,f38ed4abddf438aa7e9c297244d3db88d35198eeba017c91cc46f646573a69c6,78888d26667b893a581f4e01126f47d7eaacf91c1de795c5b871ce2e57655c72,74991,Removed from Git history; restore from external archive if exact retained artifact is needed.
results/dsh_validation/phase3_controlled_alignment/checkpoints/paired/no_successor/align100/seed004.pt,model_checkpoint,tractatus-heavy-retained-artifacts-2026-08-14.zip,f38ed4abddf438aa7e9c297244d3db88d35198eeba017c91cc46f646573a69c6,c9aa5d0948464e03d9530a5eaae977d2f6dc92c72ae429a3d16f7c3ebbf454b7,7479454,Removed from Git history; restore from external archive if exact retained artifact is needed.
results/dsh_validation/phase3_controlled_alignment/checkpoints/paired/no_successor/align100/seed007.pt,model_checkpoint,tractatus-heavy-retained-artifacts-2026-08-14.zip,f38ed4abddf438aa7e9c297244d3db88d35198eeba017c91cc46f646573a69c6,9ad0387c86ddeeb296dbfa80931394be406febcae357170d4f95627e1a278e9e,7479454,Removed from Git history; restore from external archive if exact retained artifact is needed.
results/dsh_validation/phase3_controlled_alignment/checkpoints/paired/no_successor/align100/seed004.vocab.json,model_checkpoint,tractatus-heavy-retained-artifacts-2026-08-14.zip,f38ed4abddf438aa7e9c297244d3db88d35198eeba017c91cc46f646573a69c6,78888d26667b893a581f4e01126f47d7eaacf91c1de795c5b871ce2e57655c72,74991,Removed from Git history; restore from external archive if exact retained artifact is needed.
results/dsh_validation/phase3_controlled_alignment/checkpoints/paired/no_successor/align100/seed000.vocab.json,model_checkpoint,tractatus-heavy-retained-artifacts-2026-08-14.zip,f38ed4abddf438aa7e9c297244d3db88d35198eeba017c91cc46f646573a69c6,78888d26667b893a581f4e01126f47d7eaacf91c1de795c5b871ce2e57655c72,74991,Removed from Git history; restore from external archive if exact retained artifact is needed.
results/dsh_validation/phase3_controlled_alignment/checkpoints/paired/no_successor/align030/seed006.vocab.json,model_checkpoint,tractatus-heavy-retained-artifacts-2026-08-14.zip,f38ed4abddf438aa7e9c297244d3db88d35198eeba017c91cc46f646573a69c6,78888d26667b893a581f4e01126f47d7eaacf91c1de795c5b871ce2e57655c72,74991,Removed from Git history; restore from external archive if exact retained artifact is needed.
results/dsh_validation/phase3_controlled_alignment/checkpoints/paired/no_successor/align030/seed007.vocab.json,model_checkpoint,tractatus-heavy-retained-artifacts-2026-08-14.zip,f38ed4abddf438aa7e9c297244d3db88d35198eeba017c91cc46f646573a69c6,78888d26667b893a581f4e01126f47d7eaacf91c1de795c5b871ce2e57655c72,74991,Removed from Git history; restore from external archive if exact retained artifact is needed.
results/dsh_validation/phase3_controlled_alignment/checkpoints/paired/no_successor/align030/seed009.pt,model_checkpoint,tractatus-heavy-retained-artifacts-2026-08-14.zip,f38ed4abddf438aa7e9c297244d3db88d35198eeba017c91cc46f646573a69c6,5d7a7e7845c8a6e6e346d7445ca7fb89bc7c4f5913944bf09bb8b6b2fe40eb8e,7479454,Removed from Git history; restore from external archive if exact retained artifact is needed.
results/dsh_validation/phase3_controlled_alignment/checkpoints/paired/no_successor/align030/seed002.pt,model_checkpoint,tractatus-heavy-retained-artifacts-2026-08-14.zip,f38ed4abddf438aa7e9c297244d3db88d35198eeba017c91cc46f646573a69c6,dfb128ac2d30ebce2b35130cdea94f96e1b11c36a73924baaca4c05f8519ff93,7479454,Removed from Git history; restore from external archive if exact retained artifact is needed.
results/dsh_validation/phase3_controlled_alignment/checkpoints/paired/no_successor/align030/seed008.pt,model_checkpoint,tractatus-heavy-retained-artifacts-2026-08-14.zip,f38ed4abddf438aa7e9c297244d3db88d35198eeba017c91cc46f646573a69c6,f0ac1ae70eb575f86af36a03b659cf8b12dc20d1df0b39f90c0361517cb18619,7479454,Removed from Git history; restore from external archive if exact retained artifact is needed.
results/dsh_validation/phase3_controlled_alignment/checkpoints/paired/no_successor/align030/seed001.pt,model_checkpoint,tractatus-heavy-retained-artifacts-2026-08-14.zip,f38ed4abddf438aa7e9c297244d3db88d35198eeba017c91cc46f646573a69c6,8ec2f94348b0b876fe411e8d34d6a11e6500589b2afee546412def71e4b6c73a,7479454,Removed from Git history; restore from external archive if exact retained artifact is needed.
results/dsh_validation/phase3_controlled_alignment/checkpoints/paired/no_successor/align030/seed000.pt,model_checkpoint,tractatus-heavy-retained-artifacts-2026-08-14.zip,f38ed4abddf438aa7e9c297244d3db88d35198eeba017c91cc46f646573a69c6,7e9cdcb028b90f09c524e7414f63a5c67e89d68457541d43573916b15abec866,7479454,Removed from Git history; restore from external archive if exact retained artifact is needed.
results/dsh_validation/phase3_controlled_alignment/checkpoints/paired/no_successor/align030/seed003.pt,model_checkpoint,tractatus-heavy-retained-artifacts-2026-08-14.zip,f38ed4abddf438aa7e9c297244d3db88d35198eeba017c91cc46f646573a69c6,2ca946e32330bf183953b25a587406b0d3330351f94247aedbac0f6c82664e7f,7479454,Removed from Git history; restore from external archive if exact retained artifact is needed.
results/dsh_validation/phase3_controlled_alignment/checkpoints/paired/no_successor/align030/seed003.vocab.json,model_checkpoint,tractatus-heavy-retained-artifacts-2026-08-14.zip,f38ed4abddf438aa7e9c297244d3db88d35198eeba017c91cc46f646573a69c6,78888d26667b893a581f4e01126f47d7eaacf91c1de795c5b871ce2e57655c72,74991,Removed from Git history; restore from external archive if exact retained artifact is needed.
results/dsh_validation/phase3_controlled_alignment/checkpoints/paired/no_successor/align030/seed006.pt,model_checkpoint,tractatus-heavy-retained-artifacts-2026-08-14.zip,f38ed4abddf438aa7e9c297244d3db88d35198eeba017c91cc46f646573a69c6,a810c908d4b9c8caf6c84d52224e1608c1632ab3177bec87fc069106ad83f157,7479454,Removed from Git history; restore from external archive if exact retained artifact is needed.
results/dsh_validation/phase3_controlled_alignment/checkpoints/paired/no_successor/align030/seed008.vocab.json,model_checkpoint,tractatus-heavy-retained-artifacts-2026-08-14.zip,f38ed4abddf438aa7e9c297244d3db88d35198eeba017c91cc46f646573a69c6,78888d26667b893a581f4e01126f47d7eaacf91c1de795c5b871ce2e57655c72,74991,Removed from Git history; restore from external archive if exact retained artifact is needed.
results/dsh_validation/phase3_controlled_alignment/checkpoints/paired/no_successor/align030/seed002.vocab.json,model_checkpoint,tractatus-heavy-retained-artifacts-2026-08-14.zip,f38ed4abddf438aa7e9c297244d3db88d35198eeba017c91cc46f646573a69c6,78888d26667b893a581f4e01126f47d7eaacf91c1de795c5b871ce2e57655c72,74991,Removed from Git history; restore from external archive if exact retained artifact is needed.
results/dsh_validation/phase3_controlled_alignment/checkpoints/paired/no_successor/align030/seed005.pt,model_checkpoint,tractatus-heavy-retained-artifacts-2026-08-14.zip,f38ed4abddf438aa7e9c297244d3db88d35198eeba017c91cc46f646573a69c6,5be92e28b49667aafd1b17cb0573ae4cf3654326a848e5950577393dd5d9d41c,7479454,Removed from Git history; restore from external archive if exact retained artifact is needed.
results/dsh_validation/phase3_controlled_alignment/checkpoints/paired/no_successor/align030/seed009.vocab.json,model_checkpoint,tractatus-heavy-retained-artifacts-2026-08-14.zip,f38ed4abddf438aa7e9c297244d3db88d35198eeba017c91cc46f646573a69c6,78888d26667b893a581f4e01126f47d7eaacf91c1de795c5b871ce2e57655c72,74991,Removed from Git history; restore from external archive if exact retained artifact is needed.
results/dsh_validation/phase3_controlled_alignment/checkpoints/paired/no_successor/align030/seed001.vocab.json,model_checkpoint,tractatus-heavy-retained-artifacts-2026-08-14.zip,f38ed4abddf438aa7e9c297244d3db88d35198eeba017c91cc46f646573a69c6,78888d26667b893a581f4e01126f47d7eaacf91c1de795c5b871ce2e57655c72,74991,Removed from Git history; restore from external archive if exact retained artifact is needed.
results/dsh_validation/phase3_controlled_alignment/checkpoints/paired/no_successor/align030/seed005.vocab.json,model_checkpoint,tractatus-heavy-retained-artifacts-2026-08-14.zip,f38ed4abddf438aa7e9c297244d3db88d35198eeba017c91cc46f646573a69c6,78888d26667b893a581f4e01126f47d7eaacf91c1de795c5b871ce2e57655c72,74991,Removed from Git history; restore from external archive if exact retained artifact is needed.
results/dsh_validation/phase3_controlled_alignment/checkpoints/paired/no_successor/align030/seed004.pt,model_checkpoint,tractatus-heavy-retained-artifacts-2026-08-14.zip,f38ed4abddf438aa7e9c297244d3db88d35198eeba017c91cc46f646573a69c6,e2b51d25a700f25b96a9e4dc364fac76594641e70bd09bd8e00eac3bbe2c9260,7479454,Removed from Git history; restore from external archive if exact retained artifact is needed.
results/dsh_validation/phase3_controlled_alignment/checkpoints/paired/no_successor/align030/seed007.pt,model_checkpoint,tractatus-heavy-retained-artifacts-2026-08-14.zip,f38ed4abddf438aa7e9c297244d3db88d35198eeba017c91cc46f646573a69c6,8e34f7ab74dc0621c99538ef3ab308cc636ea065ff02cf56eaaf853e610ecf22,7479454,Removed from Git history; restore from external archive if exact retained artifact is needed.
results/dsh_validation/phase3_controlled_alignment/checkpoints/paired/no_successor/align030/seed004.vocab.json,model_checkpoint,tractatus-heavy-retained-artifacts-2026-08-14.zip,f38ed4abddf438aa7e9c297244d3db88d35198eeba017c91cc46f646573a69c6,78888d26667b893a581f4e01126f47d7eaacf91c1de795c5b871ce2e57655c72,74991,Removed from Git history; restore from external archive if exact retained artifact is needed.
results/dsh_validation/phase3_controlled_alignment/checkpoints/paired/no_successor/align030/seed000.vocab.json,model_checkpoint,tractatus-heavy-retained-artifacts-2026-08-14.zip,f38ed4abddf438aa7e9c297244d3db88d35198eeba017c91cc46f646573a69c6,78888d26667b893a581f4e01126f47d7eaacf91c1de795c5b871ce2e57655c72,74991,Removed from Git history; restore from external archive if exact retained artifact is needed.
results/dsh_validation/phase3_controlled_alignment/checkpoints/paired/no_successor/align003/seed006.vocab.json,model_checkpoint,tractatus-heavy-retained-artifacts-2026-08-14.zip,f38ed4abddf438aa7e9c297244d3db88d35198eeba017c91cc46f646573a69c6,78888d26667b893a581f4e01126f47d7eaacf91c1de795c5b871ce2e57655c72,74991,Removed from Git history; restore from external archive if exact retained artifact is needed.
results/dsh_validation/phase3_controlled_alignment/checkpoints/paired/no_successor/align003/seed007.vocab.json,model_checkpoint,tractatus-heavy-retained-artifacts-2026-08-14.zip,f38ed4abddf438aa7e9c297244d3db88d35198eeba017c91cc46f646573a69c6,78888d26667b893a581f4e01126f47d7eaacf91c1de795c5b871ce2e57655c72,74991,Removed from Git history; restore from external archive if exact retained artifact is needed.
results/dsh_validation/phase3_controlled_alignment/checkpoints/paired/no_successor/align003/seed009.pt,model_checkpoint,tractatus-heavy-retained-artifacts-2026-08-14.zip,f38ed4abddf438aa7e9c297244d3db88d35198eeba017c91cc46f646573a69c6,859729a3f898aeed129e364213ea8a65e555dc15482eef21f02e5eaf1b6f5709,7479454,Removed from Git history; restore from external archive if exact retained artifact is needed.
results/dsh_validation/phase3_controlled_alignment/checkpoints/paired/no_successor/align003/seed002.pt,model_checkpoint,tractatus-heavy-retained-artifacts-2026-08-14.zip,f38ed4abddf438aa7e9c297244d3db88d35198eeba017c91cc46f646573a69c6,7246b700961502fb005c11e151612c9a78e45cec9bef8a4808cf397509a078b0,7479454,Removed from Git history; restore from external archive if exact retained artifact is needed.
results/dsh_validation/phase3_controlled_alignment/checkpoints/paired/no_successor/align003/seed008.pt,model_checkpoint,tractatus-heavy-retained-artifacts-2026-08-14.zip,f38ed4abddf438aa7e9c297244d3db88d35198eeba017c91cc46f646573a69c6,875cf483fc3ad6640e7bfb5a42a6b64906ed816506518583a34615eb99bccedb,7479454,Removed from Git history; restore from external archive if exact retained artifact is needed.
results/dsh_validation/phase3_controlled_alignment/checkpoints/paired/no_successor/align003/seed001.pt,model_checkpoint,tractatus-heavy-retained-artifacts-2026-08-14.zip,f38ed4abddf438aa7e9c297244d3db88d35198eeba017c91cc46f646573a69c6,291a29ae3f89f221d48ab7e92d4c32a32f20b08ba65cead4ce75fe010c119050,7479454,Removed from Git history; restore from external archive if exact retained artifact is needed.
results/dsh_validation/phase3_controlled_alignment/checkpoints/paired/no_successor/align003/seed000.pt,model_checkpoint,tractatus-heavy-retained-artifacts-2026-08-14.zip,f38ed4abddf438aa7e9c297244d3db88d35198eeba017c91cc46f646573a69c6,0fb17e36082d3ce280d795831a2d7bdcedf88069c27867734de22c9dc2e67023,7479454,Removed from Git history; restore from external archive if exact retained artifact is needed.
results/dsh_validation/phase3_controlled_alignment/checkpoints/paired/no_successor/align003/seed003.pt,model_checkpoint,tractatus-heavy-retained-artifacts-2026-08-14.zip,f38ed4abddf438aa7e9c297244d3db88d35198eeba017c91cc46f646573a69c6,253e47622f9ba9db99bc060f8bd18d737eac8c080b079d0ca491104d3ccdb521,7479454,Removed from Git history; restore from external archive if exact retained artifact is needed.
results/dsh_validation/phase3_controlled_alignment/checkpoints/paired/no_successor/align003/seed003.vocab.json,model_checkpoint,tractatus-heavy-retained-artifacts-2026-08-14.zip,f38ed4abddf438aa7e9c297244d3db88d35198eeba017c91cc46f646573a69c6,78888d26667b893a581f4e01126f47d7eaacf91c1de795c5b871ce2e57655c72,74991,Removed from Git history; restore from external archive if exact retained artifact is needed.
results/dsh_validation/phase3_controlled_alignment/checkpoints/paired/no_successor/align003/seed006.pt,model_checkpoint,tractatus-heavy-retained-artifacts-2026-08-14.zip,f38ed4abddf438aa7e9c297244d3db88d35198eeba017c91cc46f646573a69c6,6a4a402e5518c8f4da73849cce47fa962905ea9ccf98afd24f06d07c3e898493,7479454,Removed from Git history; restore from external archive if exact retained artifact is needed.
results/dsh_validation/phase3_controlled_alignment/checkpoints/paired/no_successor/align003/seed008.vocab.json,model_checkpoint,tractatus-heavy-retained-artifacts-2026-08-14.zip,f38ed4abddf438aa7e9c297244d3db88d35198eeba017c91cc46f646573a69c6,78888d26667b893a581f4e01126f47d7eaacf91c1de795c5b871ce2e57655c72,74991,Removed from Git history; restore from external archive if exact retained artifact is needed.
results/dsh_validation/phase3_controlled_alignment/checkpoints/paired/no_successor/align003/seed002.vocab.json,model_checkpoint,tractatus-heavy-retained-artifacts-2026-08-14.zip,f38ed4abddf438aa7e9c297244d3db88d35198eeba017c91cc46f646573a69c6,78888d26667b893a581f4e01126f47d7eaacf91c1de795c5b871ce2e57655c72,74991,Removed from Git history; restore from external archive if exact retained artifact is needed.
results/dsh_validation/phase3_controlled_alignment/checkpoints/paired/no_successor/align003/seed005.pt,model_checkpoint,tractatus-heavy-retained-artifacts-2026-08-14.zip,f38ed4abddf438aa7e9c297244d3db88d35198eeba017c91cc46f646573a69c6,75377274e346915a72ee1f744758dacac6a712ec90dec21148a8367fd2d29db5,7479454,Removed from Git history; restore from external archive if exact retained artifact is needed.
results/dsh_validation/phase3_controlled_alignment/checkpoints/paired/no_successor/align003/seed009.vocab.json,model_checkpoint,tractatus-heavy-retained-artifacts-2026-08-14.zip,f38ed4abddf438aa7e9c297244d3db88d35198eeba017c91cc46f646573a69c6,78888d26667b893a581f4e01126f47d7eaacf91c1de795c5b871ce2e57655c72,74991,Removed from Git history; restore from external archive if exact retained artifact is needed.
results/dsh_validation/phase3_controlled_alignment/checkpoints/paired/no_successor/align003/seed001.vocab.json,model_checkpoint,tractatus-heavy-retained-artifacts-2026-08-14.zip,f38ed4abddf438aa7e9c297244d3db88d35198eeba017c91cc46f646573a69c6,78888d26667b893a581f4e01126f47d7eaacf91c1de795c5b871ce2e57655c72,74991,Removed from Git history; restore from external archive if exact retained artifact is needed.
results/dsh_validation/phase3_controlled_alignment/checkpoints/paired/no_successor/align003/seed005.vocab.json,model_checkpoint,tractatus-heavy-retained-artifacts-2026-08-14.zip,f38ed4abddf438aa7e9c297244d3db88d35198eeba017c91cc46f646573a69c6,78888d26667b893a581f4e01126f47d7eaacf91c1de795c5b871ce2e57655c72,74991,Removed from Git history; restore from external archive if exact retained artifact is needed.
results/dsh_validation/phase3_controlled_alignment/checkpoints/paired/no_successor/align003/seed004.pt,model_checkpoint,tractatus-heavy-retained-artifacts-2026-08-14.zip,f38ed4abddf438aa7e9c297244d3db88d35198eeba017c91cc46f646573a69c6,73324b707f57178e89d43339e825374a089bddb0c5da73013b653dde13e4873f,7479454,Removed from Git history; restore from external archive if exact retained artifact is needed.
results/dsh_validation/phase3_controlled_alignment/checkpoints/paired/no_successor/align003/seed007.pt,model_checkpoint,tractatus-heavy-retained-artifacts-2026-08-14.zip,f38ed4abddf438aa7e9c297244d3db88d35198eeba017c91cc46f646573a69c6,58ed2a0a036cc3f7f0c62a31f0ce8ed990a26a7baf51131a6581b71eaf80dd38,7479454,Removed from Git history; restore from external archive if exact retained artifact is needed.
results/dsh_validation/phase3_controlled_alignment/checkpoints/paired/no_successor/align003/seed004.vocab.json,model_checkpoint,tractatus-heavy-retained-artifacts-2026-08-14.zip,f38ed4abddf438aa7e9c297244d3db88d35198eeba017c91cc46f646573a69c6,78888d26667b893a581f4e01126f47d7eaacf91c1de795c5b871ce2e57655c72,74991,Removed from Git history; restore from external archive if exact retained artifact is needed.
results/dsh_validation/phase3_controlled_alignment/checkpoints/paired/no_successor/align003/seed000.vocab.json,model_checkpoint,tractatus-heavy-retained-artifacts-2026-08-14.zip,f38ed4abddf438aa7e9c297244d3db88d35198eeba017c91cc46f646573a69c6,78888d26667b893a581f4e01126f47d7eaacf91c1de795c5b871ce2e57655c72,74991,Removed from Git history; restore from external archive if exact retained artifact is needed.
results/dsh_validation/phase3_controlled_alignment/checkpoints/paired/no_successor/align010/seed006.vocab.json,model_checkpoint,tractatus-heavy-retained-artifacts-2026-08-14.zip,f38ed4abddf438aa7e9c297244d3db88d35198eeba017c91cc46f646573a69c6,78888d26667b893a581f4e01126f47d7eaacf91c1de795c5b871ce2e57655c72,74991,Removed from Git history; restore from external archive if exact retained artifact is needed.
results/dsh_validation/phase3_controlled_alignment/checkpoints/paired/no_successor/align010/seed007.vocab.json,model_checkpoint,tractatus-heavy-retained-artifacts-2026-08-14.zip,f38ed4abddf438aa7e9c297244d3db88d35198eeba017c91cc46f646573a69c6,78888d26667b893a581f4e01126f47d7eaacf91c1de795c5b871ce2e57655c72,74991,Removed from Git history; restore from external archive if exact retained artifact is needed.
results/dsh_validation/phase3_controlled_alignment/checkpoints/paired/no_successor/align010/seed009.pt,model_checkpoint,tractatus-heavy-retained-artifacts-2026-08-14.zip,f38ed4abddf438aa7e9c297244d3db88d35198eeba017c91cc46f646573a69c6,700bbe8c137afe06fa443477988ad8c54c01a84266490db857ccb7262a2e182c,7479454,Removed from Git history; restore from external archive if exact retained artifact is needed.
results/dsh_validation/phase3_controlled_alignment/checkpoints/paired/no_successor/align010/seed002.pt,model_checkpoint,tractatus-heavy-retained-artifacts-2026-08-14.zip,f38ed4abddf438aa7e9c297244d3db88d35198eeba017c91cc46f646573a69c6,c24317363367e02e4343fe3c309427abc47e8765ca171741d69743479558e73b,7479454,Removed from Git history; restore from external archive if exact retained artifact is needed.
results/dsh_validation/phase3_controlled_alignment/checkpoints/paired/no_successor/align010/seed008.pt,model_checkpoint,tractatus-heavy-retained-artifacts-2026-08-14.zip,f38ed4abddf438aa7e9c297244d3db88d35198eeba017c91cc46f646573a69c6,f3a9c44214457e9e3d5d9403efdd1cf65931f0ea7bfa0fe47813fa4831478388,7479454,Removed from Git history; restore from external archive if exact retained artifact is needed.
results/dsh_validation/phase3_controlled_alignment/checkpoints/paired/no_successor/align010/seed001.pt,model_checkpoint,tractatus-heavy-retained-artifacts-2026-08-14.zip,f38ed4abddf438aa7e9c297244d3db88d35198eeba017c91cc46f646573a69c6,c54f190cb390785657641e13ea2b89d40bf4d3a307930a5d662a0deb1a240799,7479454,Removed from Git history; restore from external archive if exact retained artifact is needed.
results/dsh_validation/phase3_controlled_alignment/checkpoints/paired/no_successor/align010/seed000.pt,model_checkpoint,tractatus-heavy-retained-artifacts-2026-08-14.zip,f38ed4abddf438aa7e9c297244d3db88d35198eeba017c91cc46f646573a69c6,c9ada4f1198b32df5ccadb50a946c1494407bd8e4345de4f6a9ab7fe99ed5467,7479454,Removed from Git history; restore from external archive if exact retained artifact is needed.
results/dsh_validation/phase3_controlled_alignment/checkpoints/paired/no_successor/align010/seed003.pt,model_checkpoint,tractatus-heavy-retained-artifacts-2026-08-14.zip,f38ed4abddf438aa7e9c297244d3db88d35198eeba017c91cc46f646573a69c6,6581774623ac8c9ce6adf98061bcef2ea109311e43b421f157dc6c24a0a1f11d,7479454,Removed from Git history; restore from external archive if exact retained artifact is needed.
results/dsh_validation/phase3_controlled_alignment/checkpoints/paired/no_successor/align010/seed003.vocab.json,model_checkpoint,tractatus-heavy-retained-artifacts-2026-08-14.zip,f38ed4abddf438aa7e9c297244d3db88d35198eeba017c91cc46f646573a69c6,78888d26667b893a581f4e01126f47d7eaacf91c1de795c5b871ce2e57655c72,74991,Removed from Git history; restore from external archive if exact retained artifact is needed.
results/dsh_validation/phase3_controlled_alignment/checkpoints/paired/no_successor/align010/seed006.pt,model_checkpoint,tractatus-heavy-retained-artifacts-2026-08-14.zip,f38ed4abddf438aa7e9c297244d3db88d35198eeba017c91cc46f646573a69c6,7f1d3c2d7e6c6eae645fb0a06cd622439616be1259fe3f04343265c1471b7955,7479454,Removed from Git history; restore from external archive if exact retained artifact is needed.
results/dsh_validation/phase3_controlled_alignment/checkpoints/paired/no_successor/align010/seed008.vocab.json,model_checkpoint,tractatus-heavy-retained-artifacts-2026-08-14.zip,f38ed4abddf438aa7e9c297244d3db88d35198eeba017c91cc46f646573a69c6,78888d26667b893a581f4e01126f47d7eaacf91c1de795c5b871ce2e57655c72,74991,Removed from Git history; restore from external archive if exact retained artifact is needed.
results/dsh_validation/phase3_controlled_alignment/checkpoints/paired/no_successor/align010/seed002.vocab.json,model_checkpoint,tractatus-heavy-retained-artifacts-2026-08-14.zip,f38ed4abddf438aa7e9c297244d3db88d35198eeba017c91cc46f646573a69c6,78888d26667b893a581f4e01126f47d7eaacf91c1de795c5b871ce2e57655c72,74991,Removed from Git history; restore from external archive if exact retained artifact is needed.
results/dsh_validation/phase3_controlled_alignment/checkpoints/paired/no_successor/align010/seed005.pt,model_checkpoint,tractatus-heavy-retained-artifacts-2026-08-14.zip,f38ed4abddf438aa7e9c297244d3db88d35198eeba017c91cc46f646573a69c6,570af2fca94d8c80ba3e7494b42a85b598bb4bcd182b5d77655dca0e5efcb67f,7479454,Removed from Git history; restore from external archive if exact retained artifact is needed.
results/dsh_validation/phase3_controlled_alignment/checkpoints/paired/no_successor/align010/seed009.vocab.json,model_checkpoint,tractatus-heavy-retained-artifacts-2026-08-14.zip,f38ed4abddf438aa7e9c297244d3db88d35198eeba017c91cc46f646573a69c6,78888d26667b893a581f4e01126f47d7eaacf91c1de795c5b871ce2e57655c72,74991,Removed from Git history; restore from external archive if exact retained artifact is needed.
results/dsh_validation/phase3_controlled_alignment/checkpoints/paired/no_successor/align010/seed001.vocab.json,model_checkpoint,tractatus-heavy-retained-artifacts-2026-08-14.zip,f38ed4abddf438aa7e9c297244d3db88d35198eeba017c91cc46f646573a69c6,78888d26667b893a581f4e01126f47d7eaacf91c1de795c5b871ce2e57655c72,74991,Removed from Git history; restore from external archive if exact retained artifact is needed.
results/dsh_validation/phase3_controlled_alignment/checkpoints/paired/no_successor/align010/seed005.vocab.json,model_checkpoint,tractatus-heavy-retained-artifacts-2026-08-14.zip,f38ed4abddf438aa7e9c297244d3db88d35198eeba017c91cc46f646573a69c6,78888d26667b893a581f4e01126f47d7eaacf91c1de795c5b871ce2e57655c72,74991,Removed from Git history; restore from external archive if exact retained artifact is needed.
results/dsh_validation/phase3_controlled_alignment/checkpoints/paired/no_successor/align010/seed004.pt,model_checkpoint,tractatus-heavy-retained-artifacts-2026-08-14.zip,f38ed4abddf438aa7e9c297244d3db88d35198eeba017c91cc46f646573a69c6,4d4a715a2dfdb07f5265174a7ed02067b47ef6ba3f1bed64ac7e9b6f16ba24d8,7479454,Removed from Git history; restore from external archive if exact retained artifact is needed.
results/dsh_validation/phase3_controlled_alignment/checkpoints/paired/no_successor/align010/seed007.pt,model_checkpoint,tractatus-heavy-retained-artifacts-2026-08-14.zip,f38ed4abddf438aa7e9c297244d3db88d35198eeba017c91cc46f646573a69c6,8ed88f4701c50d066b08ac63e423f1a83b35a82eed1099307f8bb7ad3c5c4a00,7479454,Removed from Git history; restore from external archive if exact retained artifact is needed.
results/dsh_validation/phase3_controlled_alignment/checkpoints/paired/no_successor/align010/seed004.vocab.json,model_checkpoint,tractatus-heavy-retained-artifacts-2026-08-14.zip,f38ed4abddf438aa7e9c297244d3db88d35198eeba017c91cc46f646573a69c6,78888d26667b893a581f4e01126f47d7eaacf91c1de795c5b871ce2e57655c72,74991,Removed from Git history; restore from external archive if exact retained artifact is needed.
results/dsh_validation/phase3_controlled_alignment/checkpoints/paired/no_successor/align010/seed000.vocab.json,model_checkpoint,tractatus-heavy-retained-artifacts-2026-08-14.zip,f38ed4abddf438aa7e9c297244d3db88d35198eeba017c91cc46f646573a69c6,78888d26667b893a581f4e01126f47d7eaacf91c1de795c5b871ce2e57655c72,74991,Removed from Git history; restore from external archive if exact retained artifact is needed.
results/dsh_validation/phase3_controlled_alignment/checkpoints/paired/no_successor/align000/seed006.vocab.json,model_checkpoint,tractatus-heavy-retained-artifacts-2026-08-14.zip,f38ed4abddf438aa7e9c297244d3db88d35198eeba017c91cc46f646573a69c6,78888d26667b893a581f4e01126f47d7eaacf91c1de795c5b871ce2e57655c72,74991,Removed from Git history; restore from external archive if exact retained artifact is needed.
results/dsh_validation/phase3_controlled_alignment/checkpoints/paired/no_successor/align000/seed007.vocab.json,model_checkpoint,tractatus-heavy-retained-artifacts-2026-08-14.zip,f38ed4abddf438aa7e9c297244d3db88d35198eeba017c91cc46f646573a69c6,78888d26667b893a581f4e01126f47d7eaacf91c1de795c5b871ce2e57655c72,74991,Removed from Git history; restore from external archive if exact retained artifact is needed.
results/dsh_validation/phase3_controlled_alignment/checkpoints/paired/no_successor/align000/seed009.pt,model_checkpoint,tractatus-heavy-retained-artifacts-2026-08-14.zip,f38ed4abddf438aa7e9c297244d3db88d35198eeba017c91cc46f646573a69c6,c6ddbb1e6765649b010f065fe4b90a938134c12443c799beb7661b9e9b258b4e,7479454,Removed from Git history; restore from external archive if exact retained artifact is needed.
results/dsh_validation/phase3_controlled_alignment/checkpoints/paired/no_successor/align000/seed002.pt,model_checkpoint,tractatus-heavy-retained-artifacts-2026-08-14.zip,f38ed4abddf438aa7e9c297244d3db88d35198eeba017c91cc46f646573a69c6,18b8148ccba18d1443c0537566616f8115086ae45b53a97d6ee2ad34aa7a36fb,7479454,Removed from Git history; restore from external archive if exact retained artifact is needed.
results/dsh_validation/phase3_controlled_alignment/checkpoints/paired/no_successor/align000/seed008.pt,model_checkpoint,tractatus-heavy-retained-artifacts-2026-08-14.zip,f38ed4abddf438aa7e9c297244d3db88d35198eeba017c91cc46f646573a69c6,94d443b4b412dcc6ef6b237d80692438bd92efae4ab7d00ab82f9e2bf92dbe2f,7479454,Removed from Git history; restore from external archive if exact retained artifact is needed.
results/dsh_validation/phase3_controlled_alignment/checkpoints/paired/no_successor/align000/seed001.pt,model_checkpoint,tractatus-heavy-retained-artifacts-2026-08-14.zip,f38ed4abddf438aa7e9c297244d3db88d35198eeba017c91cc46f646573a69c6,fab1774df7d51487189dbc9a8cc71bb9fed1125d9b293e5b35e3607960f1f036,7479454,Removed from Git history; restore from external archive if exact retained artifact is needed.
results/dsh_validation/phase3_controlled_alignment/checkpoints/paired/no_successor/align000/seed000.pt,model_checkpoint,tractatus-heavy-retained-artifacts-2026-08-14.zip,f38ed4abddf438aa7e9c297244d3db88d35198eeba017c91cc46f646573a69c6,b499b680863c0c9d15ef8a36bca7e581f358a6c839e64f9311d284617d0bc631,7479454,Removed from Git history; restore from external archive if exact retained artifact is needed.
results/dsh_validation/phase3_controlled_alignment/checkpoints/paired/no_successor/align000/seed003.pt,model_checkpoint,tractatus-heavy-retained-artifacts-2026-08-14.zip,f38ed4abddf438aa7e9c297244d3db88d35198eeba017c91cc46f646573a69c6,4337bc4cdc3aaa57b40e4cbbdeac25dc94c3e6a916b8e4f9789d271d34b97591,7479454,Removed from Git history; restore from external archive if exact retained artifact is needed.
results/dsh_validation/phase3_controlled_alignment/checkpoints/paired/no_successor/align000/seed003.vocab.json,model_checkpoint,tractatus-heavy-retained-artifacts-2026-08-14.zip,f38ed4abddf438aa7e9c297244d3db88d35198eeba017c91cc46f646573a69c6,78888d26667b893a581f4e01126f47d7eaacf91c1de795c5b871ce2e57655c72,74991,Removed from Git history; restore from external archive if exact retained artifact is needed.
results/dsh_validation/phase3_controlled_alignment/checkpoints/paired/no_successor/align000/seed006.pt,model_checkpoint,tractatus-heavy-retained-artifacts-2026-08-14.zip,f38ed4abddf438aa7e9c297244d3db88d35198eeba017c91cc46f646573a69c6,dfc0dd8cee87d91630cbbbe70bfd2e47c938923899afafd1916736b5d2d83308,7479454,Removed from Git history; restore from external archive if exact retained artifact is needed.
results/dsh_validation/phase3_controlled_alignment/checkpoints/paired/no_successor/align000/seed008.vocab.json,model_checkpoint,tractatus-heavy-retained-artifacts-2026-08-14.zip,f38ed4abddf438aa7e9c297244d3db88d35198eeba017c91cc46f646573a69c6,78888d26667b893a581f4e01126f47d7eaacf91c1de795c5b871ce2e57655c72,74991,Removed from Git history; restore from external archive if exact retained artifact is needed.
results/dsh_validation/phase3_controlled_alignment/checkpoints/paired/no_successor/align000/seed002.vocab.json,model_checkpoint,tractatus-heavy-retained-artifacts-2026-08-14.zip,f38ed4abddf438aa7e9c297244d3db88d35198eeba017c91cc46f646573a69c6,78888d26667b893a581f4e01126f47d7eaacf91c1de795c5b871ce2e57655c72,74991,Removed from Git history; restore from external archive if exact retained artifact is needed.
results/dsh_validation/phase3_controlled_alignment/checkpoints/paired/no_successor/align000/seed005.pt,model_checkpoint,tractatus-heavy-retained-artifacts-2026-08-14.zip,f38ed4abddf438aa7e9c297244d3db88d35198eeba017c91cc46f646573a69c6,e7d5fc665e6868b7e4a45a6d945a703becb0685855a0167472e46ba30b452c09,7479454,Removed from Git history; restore from external archive if exact retained artifact is needed.
results/dsh_validation/phase3_controlled_alignment/checkpoints/paired/no_successor/align000/seed009.vocab.json,model_checkpoint,tractatus-heavy-retained-artifacts-2026-08-14.zip,f38ed4abddf438aa7e9c297244d3db88d35198eeba017c91cc46f646573a69c6,78888d26667b893a581f4e01126f47d7eaacf91c1de795c5b871ce2e57655c72,74991,Removed from Git history; restore from external archive if exact retained artifact is needed.
results/dsh_validation/phase3_controlled_alignment/checkpoints/paired/no_successor/align000/seed001.vocab.json,model_checkpoint,tractatus-heavy-retained-artifacts-2026-08-14.zip,f38ed4abddf438aa7e9c297244d3db88d35198eeba017c91cc46f646573a69c6,78888d26667b893a581f4e01126f47d7eaacf91c1de795c5b871ce2e57655c72,74991,Removed from Git history; restore from external archive if exact retained artifact is needed.
results/dsh_validation/phase3_controlled_alignment/checkpoints/paired/no_successor/align000/seed005.vocab.json,model_checkpoint,tractatus-heavy-retained-artifacts-2026-08-14.zip,f38ed4abddf438aa7e9c297244d3db88d35198eeba017c91cc46f646573a69c6,78888d26667b893a581f4e01126f47d7eaacf91c1de795c5b871ce2e57655c72,74991,Removed from Git history; restore from external archive if exact retained artifact is needed.
results/dsh_validation/phase3_controlled_alignment/checkpoints/paired/no_successor/align000/seed004.pt,model_checkpoint,tractatus-heavy-retained-artifacts-2026-08-14.zip,f38ed4abddf438aa7e9c297244d3db88d35198eeba017c91cc46f646573a69c6,d1444c0e81d81ff15c220ec12044b677e6bc5ede8abbf5b207bb262de9265611,7479454,Removed from Git history; restore from external archive if exact retained artifact is needed.
results/dsh_validation/phase3_controlled_alignment/checkpoints/paired/no_successor/align000/seed007.pt,model_checkpoint,tractatus-heavy-retained-artifacts-2026-08-14.zip,f38ed4abddf438aa7e9c297244d3db88d35198eeba017c91cc46f646573a69c6,3a6764a337d4b924abf5e1748b0371b4df34d365e66cb0a0a0d4ac9355806cd4,7479454,Removed from Git history; restore from external archive if exact retained artifact is needed.
results/dsh_validation/phase3_controlled_alignment/checkpoints/paired/no_successor/align000/seed004.vocab.json,model_checkpoint,tractatus-heavy-retained-artifacts-2026-08-14.zip,f38ed4abddf438aa7e9c297244d3db88d35198eeba017c91cc46f646573a69c6,78888d26667b893a581f4e01126f47d7eaacf91c1de795c5b871ce2e57655c72,74991,Removed from Git history; restore from external archive if exact retained artifact is needed.
results/dsh_validation/phase3_controlled_alignment/checkpoints/paired/no_successor/align000/seed000.vocab.json,model_checkpoint,tractatus-heavy-retained-artifacts-2026-08-14.zip,f38ed4abddf438aa7e9c297244d3db88d35198eeba017c91cc46f646573a69c6,78888d26667b893a581f4e01126f47d7eaacf91c1de795c5b871ce2e57655c72,74991,Removed from Git history; restore from external archive if exact retained artifact is needed.
results/dsh_validation/phase3_controlled_alignment/checkpoints/paired/full_model/align100/seed006.vocab.json,model_checkpoint,tractatus-heavy-retained-artifacts-2026-08-14.zip,f38ed4abddf438aa7e9c297244d3db88d35198eeba017c91cc46f646573a69c6,78888d26667b893a581f4e01126f47d7eaacf91c1de795c5b871ce2e57655c72,74991,Removed from Git history; restore from external archive if exact retained artifact is needed.
results/dsh_validation/phase3_controlled_alignment/checkpoints/paired/full_model/align100/seed007.vocab.json,model_checkpoint,tractatus-heavy-retained-artifacts-2026-08-14.zip,f38ed4abddf438aa7e9c297244d3db88d35198eeba017c91cc46f646573a69c6,78888d26667b893a581f4e01126f47d7eaacf91c1de795c5b871ce2e57655c72,74991,Removed from Git history; restore from external archive if exact retained artifact is needed.
results/dsh_validation/phase3_controlled_alignment/checkpoints/paired/full_model/align100/seed009.pt,model_checkpoint,tractatus-heavy-retained-artifacts-2026-08-14.zip,f38ed4abddf438aa7e9c297244d3db88d35198eeba017c91cc46f646573a69c6,58107fbc716b2f53c84e864cd1537766eb4175371e27784df7efca7e2895a3f7,7479454,Removed from Git history; restore from external archive if exact retained artifact is needed.
results/dsh_validation/phase3_controlled_alignment/checkpoints/paired/full_model/align100/seed002.pt,model_checkpoint,tractatus-heavy-retained-artifacts-2026-08-14.zip,f38ed4abddf438aa7e9c297244d3db88d35198eeba017c91cc46f646573a69c6,085b2cb47e891c1732e2e964ea8aee98060938edad29d6a084665dcfcd220ea0,7479454,Removed from Git history; restore from external archive if exact retained artifact is needed.
results/dsh_validation/phase3_controlled_alignment/checkpoints/paired/full_model/align100/seed008.pt,model_checkpoint,tractatus-heavy-retained-artifacts-2026-08-14.zip,f38ed4abddf438aa7e9c297244d3db88d35198eeba017c91cc46f646573a69c6,5046c1b49b4d3e135877db32c2d239e476215bb2bcd1427d42ce2cb62c6b56a2,7479454,Removed from Git history; restore from external archive if exact retained artifact is needed.
results/dsh_validation/phase3_controlled_alignment/checkpoints/paired/full_model/align100/seed001.pt,model_checkpoint,tractatus-heavy-retained-artifacts-2026-08-14.zip,f38ed4abddf438aa7e9c297244d3db88d35198eeba017c91cc46f646573a69c6,e761d5ebeb4dafe58807d9da5c31f30e4dab95d1ad33e836febb8ed32f1a65bb,7479454,Removed from Git history; restore from external archive if exact retained artifact is needed.
results/dsh_validation/phase3_controlled_alignment/checkpoints/paired/full_model/align100/seed000.pt,model_checkpoint,tractatus-heavy-retained-artifacts-2026-08-14.zip,f38ed4abddf438aa7e9c297244d3db88d35198eeba017c91cc46f646573a69c6,4e57756230bd598d4f74ff7c93e3d8e9b0183fd35c7ee30040b9dc3e07eb48d9,7479454,Removed from Git history; restore from external archive if exact retained artifact is needed.
results/dsh_validation/phase3_controlled_alignment/checkpoints/paired/full_model/align100/seed003.pt,model_checkpoint,tractatus-heavy-retained-artifacts-2026-08-14.zip,f38ed4abddf438aa7e9c297244d3db88d35198eeba017c91cc46f646573a69c6,50ec12ac3941f5de685ce597fc5ab36c46a630cc2e4029f31b94d59c8b22817e,7479454,Removed from Git history; restore from external archive if exact retained artifact is needed.
results/dsh_validation/phase3_controlled_alignment/checkpoints/paired/full_model/align100/seed003.vocab.json,model_checkpoint,tractatus-heavy-retained-artifacts-2026-08-14.zip,f38ed4abddf438aa7e9c297244d3db88d35198eeba017c91cc46f646573a69c6,78888d26667b893a581f4e01126f47d7eaacf91c1de795c5b871ce2e57655c72,74991,Removed from Git history; restore from external archive if exact retained artifact is needed.
results/dsh_validation/phase3_controlled_alignment/checkpoints/paired/full_model/align100/seed006.pt,model_checkpoint,tractatus-heavy-retained-artifacts-2026-08-14.zip,f38ed4abddf438aa7e9c297244d3db88d35198eeba017c91cc46f646573a69c6,f161986ab2553fcf4ad48e6aa55448bc077869af736df0e20171f1c4e5368ef3,7479454,Removed from Git history; restore from external archive if exact retained artifact is needed.
results/dsh_validation/phase3_controlled_alignment/checkpoints/paired/full_model/align100/seed008.vocab.json,model_checkpoint,tractatus-heavy-retained-artifacts-2026-08-14.zip,f38ed4abddf438aa7e9c297244d3db88d35198eeba017c91cc46f646573a69c6,78888d26667b893a581f4e01126f47d7eaacf91c1de795c5b871ce2e57655c72,74991,Removed from Git history; restore from external archive if exact retained artifact is needed.
results/dsh_validation/phase3_controlled_alignment/checkpoints/paired/full_model/align100/seed002.vocab.json,model_checkpoint,tractatus-heavy-retained-artifacts-2026-08-14.zip,f38ed4abddf438aa7e9c297244d3db88d35198eeba017c91cc46f646573a69c6,78888d26667b893a581f4e01126f47d7eaacf91c1de795c5b871ce2e57655c72,74991,Removed from Git history; restore from external archive if exact retained artifact is needed.
results/dsh_validation/phase3_controlled_alignment/checkpoints/paired/full_model/align100/seed005.pt,model_checkpoint,tractatus-heavy-retained-artifacts-2026-08-14.zip,f38ed4abddf438aa7e9c297244d3db88d35198eeba017c91cc46f646573a69c6,e95c9da622faa4f0d41af3dc063c0fae7c571f8093f95a6bf81d01272cd23b0c,7479454,Removed from Git history; restore from external archive if exact retained artifact is needed.
results/dsh_validation/phase3_controlled_alignment/checkpoints/paired/full_model/align100/seed009.vocab.json,model_checkpoint,tractatus-heavy-retained-artifacts-2026-08-14.zip,f38ed4abddf438aa7e9c297244d3db88d35198eeba017c91cc46f646573a69c6,78888d26667b893a581f4e01126f47d7eaacf91c1de795c5b871ce2e57655c72,74991,Removed from Git history; restore from external archive if exact retained artifact is needed.
results/dsh_validation/phase3_controlled_alignment/checkpoints/paired/full_model/align100/seed001.vocab.json,model_checkpoint,tractatus-heavy-retained-artifacts-2026-08-14.zip,f38ed4abddf438aa7e9c297244d3db88d35198eeba017c91cc46f646573a69c6,78888d26667b893a581f4e01126f47d7eaacf91c1de795c5b871ce2e57655c72,74991,Removed from Git history; restore from external archive if exact retained artifact is needed.
results/dsh_validation/phase3_controlled_alignment/checkpoints/paired/full_model/align100/seed005.vocab.json,model_checkpoint,tractatus-heavy-retained-artifacts-2026-08-14.zip,f38ed4abddf438aa7e9c297244d3db88d35198eeba017c91cc46f646573a69c6,78888d26667b893a581f4e01126f47d7eaacf91c1de795c5b871ce2e57655c72,74991,Removed from Git history; restore from external archive if exact retained artifact is needed.
results/dsh_validation/phase3_controlled_alignment/checkpoints/paired/full_model/align100/seed004.pt,model_checkpoint,tractatus-heavy-retained-artifacts-2026-08-14.zip,f38ed4abddf438aa7e9c297244d3db88d35198eeba017c91cc46f646573a69c6,ec40e93f20331de4b28df982dc7fbb6a69958d1794a8226d570fe3c81e0e1401,7479454,Removed from Git history; restore from external archive if exact retained artifact is needed.
results/dsh_validation/phase3_controlled_alignment/checkpoints/paired/full_model/align100/seed007.pt,model_checkpoint,tractatus-heavy-retained-artifacts-2026-08-14.zip,f38ed4abddf438aa7e9c297244d3db88d35198eeba017c91cc46f646573a69c6,7e89f48c0ea8c34d8c3d8c0aafd52957d20c2ea20641194b65dcdff92f204de6,7479454,Removed from Git history; restore from external archive if exact retained artifact is needed.
results/dsh_validation/phase3_controlled_alignment/checkpoints/paired/full_model/align100/seed004.vocab.json,model_checkpoint,tractatus-heavy-retained-artifacts-2026-08-14.zip,f38ed4abddf438aa7e9c297244d3db88d35198eeba017c91cc46f646573a69c6,78888d26667b893a581f4e01126f47d7eaacf91c1de795c5b871ce2e57655c72,74991,Removed from Git history; restore from external archive if exact retained artifact is needed.
results/dsh_validation/phase3_controlled_alignment/checkpoints/paired/full_model/align100/seed000.vocab.json,model_checkpoint,tractatus-heavy-retained-artifacts-2026-08-14.zip,f38ed4abddf438aa7e9c297244d3db88d35198eeba017c91cc46f646573a69c6,78888d26667b893a581f4e01126f47d7eaacf91c1de795c5b871ce2e57655c72,74991,Removed from Git history; restore from external archive if exact retained artifact is needed.
results/dsh_validation/phase3_controlled_alignment/checkpoints/paired/full_model/align030/seed006.vocab.json,model_checkpoint,tractatus-heavy-retained-artifacts-2026-08-14.zip,f38ed4abddf438aa7e9c297244d3db88d35198eeba017c91cc46f646573a69c6,78888d26667b893a581f4e01126f47d7eaacf91c1de795c5b871ce2e57655c72,74991,Removed from Git history; restore from external archive if exact retained artifact is needed.
results/dsh_validation/phase3_controlled_alignment/checkpoints/paired/full_model/align030/seed007.vocab.json,model_checkpoint,tractatus-heavy-retained-artifacts-2026-08-14.zip,f38ed4abddf438aa7e9c297244d3db88d35198eeba017c91cc46f646573a69c6,78888d26667b893a581f4e01126f47d7eaacf91c1de795c5b871ce2e57655c72,74991,Removed from Git history; restore from external archive if exact retained artifact is needed.
results/dsh_validation/phase3_controlled_alignment/checkpoints/paired/full_model/align030/seed009.pt,model_checkpoint,tractatus-heavy-retained-artifacts-2026-08-14.zip,f38ed4abddf438aa7e9c297244d3db88d35198eeba017c91cc46f646573a69c6,6540503a5b054cca41a48c587b3fe06cbfc433c6acf3336dd913db16e143b2bc,7479454,Removed from Git history; restore from external archive if exact retained artifact is needed.
results/dsh_validation/phase3_controlled_alignment/checkpoints/paired/full_model/align030/seed002.pt,model_checkpoint,tractatus-heavy-retained-artifacts-2026-08-14.zip,f38ed4abddf438aa7e9c297244d3db88d35198eeba017c91cc46f646573a69c6,8ef31f33d02581eaa4138e72e5514638ec523e6016dbcd24f3bdb3fbacf7b438,7479454,Removed from Git history; restore from external archive if exact retained artifact is needed.
results/dsh_validation/phase3_controlled_alignment/checkpoints/paired/full_model/align030/seed008.pt,model_checkpoint,tractatus-heavy-retained-artifacts-2026-08-14.zip,f38ed4abddf438aa7e9c297244d3db88d35198eeba017c91cc46f646573a69c6,52fbcc3e96fe50a6b0d90fe9ffa3acbc9cad78809cc3d3210b36986acc829627,7479454,Removed from Git history; restore from external archive if exact retained artifact is needed.
results/dsh_validation/phase3_controlled_alignment/checkpoints/paired/full_model/align030/seed001.pt,model_checkpoint,tractatus-heavy-retained-artifacts-2026-08-14.zip,f38ed4abddf438aa7e9c297244d3db88d35198eeba017c91cc46f646573a69c6,6fd8076c2c4689493780c23a3d79d987b0f3c2e8ba0d00af19376484bf95e264,7479454,Removed from Git history; restore from external archive if exact retained artifact is needed.
results/dsh_validation/phase3_controlled_alignment/checkpoints/paired/full_model/align030/seed000.pt,model_checkpoint,tractatus-heavy-retained-artifacts-2026-08-14.zip,f38ed4abddf438aa7e9c297244d3db88d35198eeba017c91cc46f646573a69c6,915c1b74d45fb3398e9b04b4aad4195fd4b363c8221e9436858fd82815bb91c6,7479454,Removed from Git history; restore from external archive if exact retained artifact is needed.
results/dsh_validation/phase3_controlled_alignment/checkpoints/paired/full_model/align030/seed003.pt,model_checkpoint,tractatus-heavy-retained-artifacts-2026-08-14.zip,f38ed4abddf438aa7e9c297244d3db88d35198eeba017c91cc46f646573a69c6,ae9130409312520e10085de931d7dd27eab3fcf6ca024ec9f21f3849b764634e,7479454,Removed from Git history; restore from external archive if exact retained artifact is needed.
results/dsh_validation/phase3_controlled_alignment/checkpoints/paired/full_model/align030/seed003.vocab.json,model_checkpoint,tractatus-heavy-retained-artifacts-2026-08-14.zip,f38ed4abddf438aa7e9c297244d3db88d35198eeba017c91cc46f646573a69c6,78888d26667b893a581f4e01126f47d7eaacf91c1de795c5b871ce2e57655c72,74991,Removed from Git history; restore from external archive if exact retained artifact is needed.
results/dsh_validation/phase3_controlled_alignment/checkpoints/paired/full_model/align030/seed006.pt,model_checkpoint,tractatus-heavy-retained-artifacts-2026-08-14.zip,f38ed4abddf438aa7e9c297244d3db88d35198eeba017c91cc46f646573a69c6,5c584a15c077b16a52b97f949027885ddeca3fb15895bcb95eba29365ce59480,7479454,Removed from Git history; restore from external archive if exact retained artifact is needed.
results/dsh_validation/phase3_controlled_alignment/checkpoints/paired/full_model/align030/seed008.vocab.json,model_checkpoint,tractatus-heavy-retained-artifacts-2026-08-14.zip,f38ed4abddf438aa7e9c297244d3db88d35198eeba017c91cc46f646573a69c6,78888d26667b893a581f4e01126f47d7eaacf91c1de795c5b871ce2e57655c72,74991,Removed from Git history; restore from external archive if exact retained artifact is needed.
results/dsh_validation/phase3_controlled_alignment/checkpoints/paired/full_model/align030/seed002.vocab.json,model_checkpoint,tractatus-heavy-retained-artifacts-2026-08-14.zip,f38ed4abddf438aa7e9c297244d3db88d35198eeba017c91cc46f646573a69c6,78888d26667b893a581f4e01126f47d7eaacf91c1de795c5b871ce2e57655c72,74991,Removed from Git history; restore from external archive if exact retained artifact is needed.
results/dsh_validation/phase3_controlled_alignment/checkpoints/paired/full_model/align030/seed005.pt,model_checkpoint,tractatus-heavy-retained-artifacts-2026-08-14.zip,f38ed4abddf438aa7e9c297244d3db88d35198eeba017c91cc46f646573a69c6,580a024e48e97fb4815dd3c302e63905f08ae2e9e0b4f4ed653e52d2ec5c29fa,7479454,Removed from Git history; restore from external archive if exact retained artifact is needed.
results/dsh_validation/phase3_controlled_alignment/checkpoints/paired/full_model/align030/seed009.vocab.json,model_checkpoint,tractatus-heavy-retained-artifacts-2026-08-14.zip,f38ed4abddf438aa7e9c297244d3db88d35198eeba017c91cc46f646573a69c6,78888d26667b893a581f4e01126f47d7eaacf91c1de795c5b871ce2e57655c72,74991,Removed from Git history; restore from external archive if exact retained artifact is needed.
results/dsh_validation/phase3_controlled_alignment/checkpoints/paired/full_model/align030/seed001.vocab.json,model_checkpoint,tractatus-heavy-retained-artifacts-2026-08-14.zip,f38ed4abddf438aa7e9c297244d3db88d35198eeba017c91cc46f646573a69c6,78888d26667b893a581f4e01126f47d7eaacf91c1de795c5b871ce2e57655c72,74991,Removed from Git history; restore from external archive if exact retained artifact is needed.
results/dsh_validation/phase3_controlled_alignment/checkpoints/paired/full_model/align030/seed005.vocab.json,model_checkpoint,tractatus-heavy-retained-artifacts-2026-08-14.zip,f38ed4abddf438aa7e9c297244d3db88d35198eeba017c91cc46f646573a69c6,78888d26667b893a581f4e01126f47d7eaacf91c1de795c5b871ce2e57655c72,74991,Removed from Git history; restore from external archive if exact retained artifact is needed.
results/dsh_validation/phase3_controlled_alignment/checkpoints/paired/full_model/align030/seed004.pt,model_checkpoint,tractatus-heavy-retained-artifacts-2026-08-14.zip,f38ed4abddf438aa7e9c297244d3db88d35198eeba017c91cc46f646573a69c6,abb436c3b94c28782e08e350d9a512e21c9aceb8d1ecfb9b9800c8dc0d5eace7,7479454,Removed from Git history; restore from external archive if exact retained artifact is needed.
results/dsh_validation/phase3_controlled_alignment/checkpoints/paired/full_model/align030/seed007.pt,model_checkpoint,tractatus-heavy-retained-artifacts-2026-08-14.zip,f38ed4abddf438aa7e9c297244d3db88d35198eeba017c91cc46f646573a69c6,c29369b99f43bb688545d47cabeb05654b29b2e109ba17679996924f8137c13b,7479454,Removed from Git history; restore from external archive if exact retained artifact is needed.
results/dsh_validation/phase3_controlled_alignment/checkpoints/paired/full_model/align030/seed004.vocab.json,model_checkpoint,tractatus-heavy-retained-artifacts-2026-08-14.zip,f38ed4abddf438aa7e9c297244d3db88d35198eeba017c91cc46f646573a69c6,78888d26667b893a581f4e01126f47d7eaacf91c1de795c5b871ce2e57655c72,74991,Removed from Git history; restore from external archive if exact retained artifact is needed.
results/dsh_validation/phase3_controlled_alignment/checkpoints/paired/full_model/align030/seed000.vocab.json,model_checkpoint,tractatus-heavy-retained-artifacts-2026-08-14.zip,f38ed4abddf438aa7e9c297244d3db88d35198eeba017c91cc46f646573a69c6,78888d26667b893a581f4e01126f47d7eaacf91c1de795c5b871ce2e57655c72,74991,Removed from Git history; restore from external archive if exact retained artifact is needed.
results/dsh_validation/phase3_controlled_alignment/checkpoints/paired/full_model/align003/seed006.vocab.json,model_checkpoint,tractatus-heavy-retained-artifacts-2026-08-14.zip,f38ed4abddf438aa7e9c297244d3db88d35198eeba017c91cc46f646573a69c6,78888d26667b893a581f4e01126f47d7eaacf91c1de795c5b871ce2e57655c72,74991,Removed from Git history; restore from external archive if exact retained artifact is needed.
results/dsh_validation/phase3_controlled_alignment/checkpoints/paired/full_model/align003/seed007.vocab.json,model_checkpoint,tractatus-heavy-retained-artifacts-2026-08-14.zip,f38ed4abddf438aa7e9c297244d3db88d35198eeba017c91cc46f646573a69c6,78888d26667b893a581f4e01126f47d7eaacf91c1de795c5b871ce2e57655c72,74991,Removed from Git history; restore from external archive if exact retained artifact is needed.
results/dsh_validation/phase3_controlled_alignment/checkpoints/paired/full_model/align003/seed009.pt,model_checkpoint,tractatus-heavy-retained-artifacts-2026-08-14.zip,f38ed4abddf438aa7e9c297244d3db88d35198eeba017c91cc46f646573a69c6,0badbc1bf5b6fae23c40775d684d3ac4f32ad4421f3e8e13fe00bf5b11d99f13,7479454,Removed from Git history; restore from external archive if exact retained artifact is needed.
results/dsh_validation/phase3_controlled_alignment/checkpoints/paired/full_model/align003/seed002.pt,model_checkpoint,tractatus-heavy-retained-artifacts-2026-08-14.zip,f38ed4abddf438aa7e9c297244d3db88d35198eeba017c91cc46f646573a69c6,5858a661adcce724c13e52bcb191ad5022c08e1008c0348a40c21c5f64290870,7479454,Removed from Git history; restore from external archive if exact retained artifact is needed.
results/dsh_validation/phase3_controlled_alignment/checkpoints/paired/full_model/align003/seed008.pt,model_checkpoint,tractatus-heavy-retained-artifacts-2026-08-14.zip,f38ed4abddf438aa7e9c297244d3db88d35198eeba017c91cc46f646573a69c6,12fe0740a1c879e875bb58e8535f611bb91d2771c111ba9620debfd78efdd11d,7479454,Removed from Git history; restore from external archive if exact retained artifact is needed.
results/dsh_validation/phase3_controlled_alignment/checkpoints/paired/full_model/align003/seed001.pt,model_checkpoint,tractatus-heavy-retained-artifacts-2026-08-14.zip,f38ed4abddf438aa7e9c297244d3db88d35198eeba017c91cc46f646573a69c6,8e51c0abb8782479edb9d30e9ba90f4db0f293b0a8189acfe0c663e8e78888cd,7479454,Removed from Git history; restore from external archive if exact retained artifact is needed.
results/dsh_validation/phase3_controlled_alignment/checkpoints/paired/full_model/align003/seed000.pt,model_checkpoint,tractatus-heavy-retained-artifacts-2026-08-14.zip,f38ed4abddf438aa7e9c297244d3db88d35198eeba017c91cc46f646573a69c6,8452347012d851b82b91a8ae8c178f86be5c9d4972dad0b8e193d389ce571122,7479454,Removed from Git history; restore from external archive if exact retained artifact is needed.
results/dsh_validation/phase3_controlled_alignment/checkpoints/paired/full_model/align003/seed003.pt,model_checkpoint,tractatus-heavy-retained-artifacts-2026-08-14.zip,f38ed4abddf438aa7e9c297244d3db88d35198eeba017c91cc46f646573a69c6,fae92972fee3b7641100e6523d343d0e5d695c998be50f99489d733fc2bac223,7479454,Removed from Git history; restore from external archive if exact retained artifact is needed.
results/dsh_validation/phase3_controlled_alignment/checkpoints/paired/full_model/align003/seed003.vocab.json,model_checkpoint,tractatus-heavy-retained-artifacts-2026-08-14.zip,f38ed4abddf438aa7e9c297244d3db88d35198eeba017c91cc46f646573a69c6,78888d26667b893a581f4e01126f47d7eaacf91c1de795c5b871ce2e57655c72,74991,Removed from Git history; restore from external archive if exact retained artifact is needed.
results/dsh_validation/phase3_controlled_alignment/checkpoints/paired/full_model/align003/seed006.pt,model_checkpoint,tractatus-heavy-retained-artifacts-2026-08-14.zip,f38ed4abddf438aa7e9c297244d3db88d35198eeba017c91cc46f646573a69c6,9fc620b4ffb02f1532698f0783376a0ebf0fdfbbb6b76f7d631aaf1e90d6e8e0,7479454,Removed from Git history; restore from external archive if exact retained artifact is needed.
results/dsh_validation/phase3_controlled_alignment/checkpoints/paired/full_model/align003/seed008.vocab.json,model_checkpoint,tractatus-heavy-retained-artifacts-2026-08-14.zip,f38ed4abddf438aa7e9c297244d3db88d35198eeba017c91cc46f646573a69c6,78888d26667b893a581f4e01126f47d7eaacf91c1de795c5b871ce2e57655c72,74991,Removed from Git history; restore from external archive if exact retained artifact is needed.
results/dsh_validation/phase3_controlled_alignment/checkpoints/paired/full_model/align003/seed002.vocab.json,model_checkpoint,tractatus-heavy-retained-artifacts-2026-08-14.zip,f38ed4abddf438aa7e9c297244d3db88d35198eeba017c91cc46f646573a69c6,78888d26667b893a581f4e01126f47d7eaacf91c1de795c5b871ce2e57655c72,74991,Removed from Git history; restore from external archive if exact retained artifact is needed.
results/dsh_validation/phase3_controlled_alignment/checkpoints/paired/full_model/align003/seed005.pt,model_checkpoint,tractatus-heavy-retained-artifacts-2026-08-14.zip,f38ed4abddf438aa7e9c297244d3db88d35198eeba017c91cc46f646573a69c6,96043bc424a4b29d4316f004a3857d30d3846ed7add00bd11832a8622b036517,7479454,Removed from Git history; restore from external archive if exact retained artifact is needed.
results/dsh_validation/phase3_controlled_alignment/checkpoints/paired/full_model/align003/seed009.vocab.json,model_checkpoint,tractatus-heavy-retained-artifacts-2026-08-14.zip,f38ed4abddf438aa7e9c297244d3db88d35198eeba017c91cc46f646573a69c6,78888d26667b893a581f4e01126f47d7eaacf91c1de795c5b871ce2e57655c72,74991,Removed from Git history; restore from external archive if exact retained artifact is needed.
results/dsh_validation/phase3_controlled_alignment/checkpoints/paired/full_model/align003/seed001.vocab.json,model_checkpoint,tractatus-heavy-retained-artifacts-2026-08-14.zip,f38ed4abddf438aa7e9c297244d3db88d35198eeba017c91cc46f646573a69c6,78888d26667b893a581f4e01126f47d7eaacf91c1de795c5b871ce2e57655c72,74991,Removed from Git history; restore from external archive if exact retained artifact is needed.
results/dsh_validation/phase3_controlled_alignment/checkpoints/paired/full_model/align003/seed005.vocab.json,model_checkpoint,tractatus-heavy-retained-artifacts-2026-08-14.zip,f38ed4abddf438aa7e9c297244d3db88d35198eeba017c91cc46f646573a69c6,78888d26667b893a581f4e01126f47d7eaacf91c1de795c5b871ce2e57655c72,74991,Removed from Git history; restore from external archive if exact retained artifact is needed.
results/dsh_validation/phase3_controlled_alignment/checkpoints/paired/full_model/align003/seed004.pt,model_checkpoint,tractatus-heavy-retained-artifacts-2026-08-14.zip,f38ed4abddf438aa7e9c297244d3db88d35198eeba017c91cc46f646573a69c6,c38f37231daf02dd0359e2fd43611614f65effffc21760a65111bd2e21c9afd1,7479454,Removed from Git history; restore from external archive if exact retained artifact is needed.
results/dsh_validation/phase3_controlled_alignment/checkpoints/paired/full_model/align003/seed007.pt,model_checkpoint,tractatus-heavy-retained-artifacts-2026-08-14.zip,f38ed4abddf438aa7e9c297244d3db88d35198eeba017c91cc46f646573a69c6,da54f1deb56b5eda7bfa6ae0b9b7a0c0ff4b4e81b7a3efd6b491a3f90ea84e19,7479454,Removed from Git history; restore from external archive if exact retained artifact is needed.
results/dsh_validation/phase3_controlled_alignment/checkpoints/paired/full_model/align003/seed004.vocab.json,model_checkpoint,tractatus-heavy-retained-artifacts-2026-08-14.zip,f38ed4abddf438aa7e9c297244d3db88d35198eeba017c91cc46f646573a69c6,78888d26667b893a581f4e01126f47d7eaacf91c1de795c5b871ce2e57655c72,74991,Removed from Git history; restore from external archive if exact retained artifact is needed.
results/dsh_validation/phase3_controlled_alignment/checkpoints/paired/full_model/align003/seed000.vocab.json,model_checkpoint,tractatus-heavy-retained-artifacts-2026-08-14.zip,f38ed4abddf438aa7e9c297244d3db88d35198eeba017c91cc46f646573a69c6,78888d26667b893a581f4e01126f47d7eaacf91c1de795c5b871ce2e57655c72,74991,Removed from Git history; restore from external archive if exact retained artifact is needed.
results/dsh_validation/phase3_controlled_alignment/checkpoints/paired/full_model/align010/seed006.vocab.json,model_checkpoint,tractatus-heavy-retained-artifacts-2026-08-14.zip,f38ed4abddf438aa7e9c297244d3db88d35198eeba017c91cc46f646573a69c6,78888d26667b893a581f4e01126f47d7eaacf91c1de795c5b871ce2e57655c72,74991,Removed from Git history; restore from external archive if exact retained artifact is needed.
results/dsh_validation/phase3_controlled_alignment/checkpoints/paired/full_model/align010/seed007.vocab.json,model_checkpoint,tractatus-heavy-retained-artifacts-2026-08-14.zip,f38ed4abddf438aa7e9c297244d3db88d35198eeba017c91cc46f646573a69c6,78888d26667b893a581f4e01126f47d7eaacf91c1de795c5b871ce2e57655c72,74991,Removed from Git history; restore from external archive if exact retained artifact is needed.
results/dsh_validation/phase3_controlled_alignment/checkpoints/paired/full_model/align010/seed009.pt,model_checkpoint,tractatus-heavy-retained-artifacts-2026-08-14.zip,f38ed4abddf438aa7e9c297244d3db88d35198eeba017c91cc46f646573a69c6,3dd16ebf2072db192c5db3d841c32170b3fc1954584b8bac64e3c73ecb36cc16,7479454,Removed from Git history; restore from external archive if exact retained artifact is needed.
results/dsh_validation/phase3_controlled_alignment/checkpoints/paired/full_model/align010/seed002.pt,model_checkpoint,tractatus-heavy-retained-artifacts-2026-08-14.zip,f38ed4abddf438aa7e9c297244d3db88d35198eeba017c91cc46f646573a69c6,8c27637601d617aea0884c4431e24775db751db8e0ad366027ac12d5b8abbfb4,7479454,Removed from Git history; restore from external archive if exact retained artifact is needed.
results/dsh_validation/phase3_controlled_alignment/checkpoints/paired/full_model/align010/seed008.pt,model_checkpoint,tractatus-heavy-retained-artifacts-2026-08-14.zip,f38ed4abddf438aa7e9c297244d3db88d35198eeba017c91cc46f646573a69c6,9a636be42cfd81520739d8790f0088debaad56f3db5d9d7c121b04d49f41a0da,7479454,Removed from Git history; restore from external archive if exact retained artifact is needed.
results/dsh_validation/phase3_controlled_alignment/checkpoints/paired/full_model/align010/seed001.pt,model_checkpoint,tractatus-heavy-retained-artifacts-2026-08-14.zip,f38ed4abddf438aa7e9c297244d3db88d35198eeba017c91cc46f646573a69c6,5d2269e19068b9738cc15571860095c31dc5adbd98b3dd18fba141528bb39d94,7479454,Removed from Git history; restore from external archive if exact retained artifact is needed.
results/dsh_validation/phase3_controlled_alignment/checkpoints/paired/full_model/align010/seed000.pt,model_checkpoint,tractatus-heavy-retained-artifacts-2026-08-14.zip,f38ed4abddf438aa7e9c297244d3db88d35198eeba017c91cc46f646573a69c6,78ace7854e4fc7aa38cb9e9dce9730a3b6caff54c794526ff26391db50b0ffe0,7479454,Removed from Git history; restore from external archive if exact retained artifact is needed.
results/dsh_validation/phase3_controlled_alignment/checkpoints/paired/full_model/align010/seed003.pt,model_checkpoint,tractatus-heavy-retained-artifacts-2026-08-14.zip,f38ed4abddf438aa7e9c297244d3db88d35198eeba017c91cc46f646573a69c6,af757fe701be9c138a5ab66747626ccd71bc513c835b3a22eed1c49373959399,7479454,Removed from Git history; restore from external archive if exact retained artifact is needed.
results/dsh_validation/phase3_controlled_alignment/checkpoints/paired/full_model/align010/seed003.vocab.json,model_checkpoint,tractatus-heavy-retained-artifacts-2026-08-14.zip,f38ed4abddf438aa7e9c297244d3db88d35198eeba017c91cc46f646573a69c6,78888d26667b893a581f4e01126f47d7eaacf91c1de795c5b871ce2e57655c72,74991,Removed from Git history; restore from external archive if exact retained artifact is needed.
results/dsh_validation/phase3_controlled_alignment/checkpoints/paired/full_model/align010/seed006.pt,model_checkpoint,tractatus-heavy-retained-artifacts-2026-08-14.zip,f38ed4abddf438aa7e9c297244d3db88d35198eeba017c91cc46f646573a69c6,8f1d28701cd682db56a4b0380fee6ecc728e97ff935cbb51321d74805729f95f,7479454,Removed from Git history; restore from external archive if exact retained artifact is needed.
results/dsh_validation/phase3_controlled_alignment/checkpoints/paired/full_model/align010/seed008.vocab.json,model_checkpoint,tractatus-heavy-retained-artifacts-2026-08-14.zip,f38ed4abddf438aa7e9c297244d3db88d35198eeba017c91cc46f646573a69c6,78888d26667b893a581f4e01126f47d7eaacf91c1de795c5b871ce2e57655c72,74991,Removed from Git history; restore from external archive if exact retained artifact is needed.
results/dsh_validation/phase3_controlled_alignment/checkpoints/paired/full_model/align010/seed002.vocab.json,model_checkpoint,tractatus-heavy-retained-artifacts-2026-08-14.zip,f38ed4abddf438aa7e9c297244d3db88d35198eeba017c91cc46f646573a69c6,78888d26667b893a581f4e01126f47d7eaacf91c1de795c5b871ce2e57655c72,74991,Removed from Git history; restore from external archive if exact retained artifact is needed.
results/dsh_validation/phase3_controlled_alignment/checkpoints/paired/full_model/align010/seed005.pt,model_checkpoint,tractatus-heavy-retained-artifacts-2026-08-14.zip,f38ed4abddf438aa7e9c297244d3db88d35198eeba017c91cc46f646573a69c6,3cc4f9507a2976e78392d2f75ce1e483483a572cd0db6392709750c881d60b9d,7479454,Removed from Git history; restore from external archive if exact retained artifact is needed.
results/dsh_validation/phase3_controlled_alignment/checkpoints/paired/full_model/align010/seed009.vocab.json,model_checkpoint,tractatus-heavy-retained-artifacts-2026-08-14.zip,f38ed4abddf438aa7e9c297244d3db88d35198eeba017c91cc46f646573a69c6,78888d26667b893a581f4e01126f47d7eaacf91c1de795c5b871ce2e57655c72,74991,Removed from Git history; restore from external archive if exact retained artifact is needed.
results/dsh_validation/phase3_controlled_alignment/checkpoints/paired/full_model/align010/seed001.vocab.json,model_checkpoint,tractatus-heavy-retained-artifacts-2026-08-14.zip,f38ed4abddf438aa7e9c297244d3db88d35198eeba017c91cc46f646573a69c6,78888d26667b893a581f4e01126f47d7eaacf91c1de795c5b871ce2e57655c72,74991,Removed from Git history; restore from external archive if exact retained artifact is needed.
results/dsh_validation/phase3_controlled_alignment/checkpoints/paired/full_model/align010/seed005.vocab.json,model_checkpoint,tractatus-heavy-retained-artifacts-2026-08-14.zip,f38ed4abddf438aa7e9c297244d3db88d35198eeba017c91cc46f646573a69c6,78888d26667b893a581f4e01126f47d7eaacf91c1de795c5b871ce2e57655c72,74991,Removed from Git history; restore from external archive if exact retained artifact is needed.
results/dsh_validation/phase3_controlled_alignment/checkpoints/paired/full_model/align010/seed004.pt,model_checkpoint,tractatus-heavy-retained-artifacts-2026-08-14.zip,f38ed4abddf438aa7e9c297244d3db88d35198eeba017c91cc46f646573a69c6,af350f5176acb34114ccd4dd9c66173e3ff2a1990b12151b3700b3ed728b1360,7479454,Removed from Git history; restore from external archive if exact retained artifact is needed.
results/dsh_validation/phase3_controlled_alignment/checkpoints/paired/full_model/align010/seed007.pt,model_checkpoint,tractatus-heavy-retained-artifacts-2026-08-14.zip,f38ed4abddf438aa7e9c297244d3db88d35198eeba017c91cc46f646573a69c6,0f32324a414b5d92cd87981358c5a38d4eedf98f185d65191f1e4df854635f02,7479454,Removed from Git history; restore from external archive if exact retained artifact is needed.
results/dsh_validation/phase3_controlled_alignment/checkpoints/paired/full_model/align010/seed004.vocab.json,model_checkpoint,tractatus-heavy-retained-artifacts-2026-08-14.zip,f38ed4abddf438aa7e9c297244d3db88d35198eeba017c91cc46f646573a69c6,78888d26667b893a581f4e01126f47d7eaacf91c1de795c5b871ce2e57655c72,74991,Removed from Git history; restore from external archive if exact retained artifact is needed.
results/dsh_validation/phase3_controlled_alignment/checkpoints/paired/full_model/align010/seed000.vocab.json,model_checkpoint,tractatus-heavy-retained-artifacts-2026-08-14.zip,f38ed4abddf438aa7e9c297244d3db88d35198eeba017c91cc46f646573a69c6,78888d26667b893a581f4e01126f47d7eaacf91c1de795c5b871ce2e57655c72,74991,Removed from Git history; restore from external archive if exact retained artifact is needed.
results/dsh_validation/phase3_controlled_alignment/checkpoints/paired/full_model/align000/seed006.vocab.json,model_checkpoint,tractatus-heavy-retained-artifacts-2026-08-14.zip,f38ed4abddf438aa7e9c297244d3db88d35198eeba017c91cc46f646573a69c6,78888d26667b893a581f4e01126f47d7eaacf91c1de795c5b871ce2e57655c72,74991,Removed from Git history; restore from external archive if exact retained artifact is needed.
results/dsh_validation/phase3_controlled_alignment/checkpoints/paired/full_model/align000/seed007.vocab.json,model_checkpoint,tractatus-heavy-retained-artifacts-2026-08-14.zip,f38ed4abddf438aa7e9c297244d3db88d35198eeba017c91cc46f646573a69c6,78888d26667b893a581f4e01126f47d7eaacf91c1de795c5b871ce2e57655c72,74991,Removed from Git history; restore from external archive if exact retained artifact is needed.
results/dsh_validation/phase3_controlled_alignment/checkpoints/paired/full_model/align000/seed009.pt,model_checkpoint,tractatus-heavy-retained-artifacts-2026-08-14.zip,f38ed4abddf438aa7e9c297244d3db88d35198eeba017c91cc46f646573a69c6,32bc3066441031e103a107157fcaccad026a0acbf957653f3c59b9a125382229,7479454,Removed from Git history; restore from external archive if exact retained artifact is needed.
results/dsh_validation/phase3_controlled_alignment/checkpoints/paired/full_model/align000/seed002.pt,model_checkpoint,tractatus-heavy-retained-artifacts-2026-08-14.zip,f38ed4abddf438aa7e9c297244d3db88d35198eeba017c91cc46f646573a69c6,3c7aa9d8cbebdc04f3c88f1f8dc069b7042dfbdd2bc98e36aff1ed36f8eb9802,7479454,Removed from Git history; restore from external archive if exact retained artifact is needed.
results/dsh_validation/phase3_controlled_alignment/checkpoints/paired/full_model/align000/seed008.pt,model_checkpoint,tractatus-heavy-retained-artifacts-2026-08-14.zip,f38ed4abddf438aa7e9c297244d3db88d35198eeba017c91cc46f646573a69c6,e46aaf3433435b45f2ce075afff3b48d2ca8327cc1b4d55f769584baba29420e,7479454,Removed from Git history; restore from external archive if exact retained artifact is needed.
results/dsh_validation/phase3_controlled_alignment/checkpoints/paired/full_model/align000/seed001.pt,model_checkpoint,tractatus-heavy-retained-artifacts-2026-08-14.zip,f38ed4abddf438aa7e9c297244d3db88d35198eeba017c91cc46f646573a69c6,2f95167935400c6f14c26876f4b1b7a9d15e87d75b17051ad4eddb9625eff0df,7479454,Removed from Git history; restore from external archive if exact retained artifact is needed.
results/dsh_validation/phase3_controlled_alignment/checkpoints/paired/full_model/align000/seed000.pt,model_checkpoint,tractatus-heavy-retained-artifacts-2026-08-14.zip,f38ed4abddf438aa7e9c297244d3db88d35198eeba017c91cc46f646573a69c6,b745deb347a5d7b420e142e05ed540bf0120a033b102f5dc311afbad2931442e,7479454,Removed from Git history; restore from external archive if exact retained artifact is needed.
results/dsh_validation/phase3_controlled_alignment/checkpoints/paired/full_model/align000/seed003.pt,model_checkpoint,tractatus-heavy-retained-artifacts-2026-08-14.zip,f38ed4abddf438aa7e9c297244d3db88d35198eeba017c91cc46f646573a69c6,72c99b08a9734933ecaae2dc6107e9771ea3af4e3c5b89e426e5377cbd9dc792,7479454,Removed from Git history; restore from external archive if exact retained artifact is needed.
results/dsh_validation/phase3_controlled_alignment/checkpoints/paired/full_model/align000/seed003.vocab.json,model_checkpoint,tractatus-heavy-retained-artifacts-2026-08-14.zip,f38ed4abddf438aa7e9c297244d3db88d35198eeba017c91cc46f646573a69c6,78888d26667b893a581f4e01126f47d7eaacf91c1de795c5b871ce2e57655c72,74991,Removed from Git history; restore from external archive if exact retained artifact is needed.
results/dsh_validation/phase3_controlled_alignment/checkpoints/paired/full_model/align000/seed006.pt,model_checkpoint,tractatus-heavy-retained-artifacts-2026-08-14.zip,f38ed4abddf438aa7e9c297244d3db88d35198eeba017c91cc46f646573a69c6,6719732ee1c5aff1b750a5108472c56b4a4621bde1973300109f9b41814a4dba,7479454,Removed from Git history; restore from external archive if exact retained artifact is needed.
results/dsh_validation/phase3_controlled_alignment/checkpoints/paired/full_model/align000/seed008.vocab.json,model_checkpoint,tractatus-heavy-retained-artifacts-2026-08-14.zip,f38ed4abddf438aa7e9c297244d3db88d35198eeba017c91cc46f646573a69c6,78888d26667b893a581f4e01126f47d7eaacf91c1de795c5b871ce2e57655c72,74991,Removed from Git history; restore from external archive if exact retained artifact is needed.
results/dsh_validation/phase3_controlled_alignment/checkpoints/paired/full_model/align000/seed002.vocab.json,model_checkpoint,tractatus-heavy-retained-artifacts-2026-08-14.zip,f38ed4abddf438aa7e9c297244d3db88d35198eeba017c91cc46f646573a69c6,78888d26667b893a581f4e01126f47d7eaacf91c1de795c5b871ce2e57655c72,74991,Removed from Git history; restore from external archive if exact retained artifact is needed.
results/dsh_validation/phase3_controlled_alignment/checkpoints/paired/full_model/align000/seed005.pt,model_checkpoint,tractatus-heavy-retained-artifacts-2026-08-14.zip,f38ed4abddf438aa7e9c297244d3db88d35198eeba017c91cc46f646573a69c6,9fcde8e4c27784e84544bcd857b1ea0dae186e5e5cdf90650daa0c7db06fc014,7479454,Removed from Git history; restore from external archive if exact retained artifact is needed.
results/dsh_validation/phase3_controlled_alignment/checkpoints/paired/full_model/align000/seed009.vocab.json,model_checkpoint,tractatus-heavy-retained-artifacts-2026-08-14.zip,f38ed4abddf438aa7e9c297244d3db88d35198eeba017c91cc46f646573a69c6,78888d26667b893a581f4e01126f47d7eaacf91c1de795c5b871ce2e57655c72,74991,Removed from Git history; restore from external archive if exact retained artifact is needed.
results/dsh_validation/phase3_controlled_alignment/checkpoints/paired/full_model/align000/seed001.vocab.json,model_checkpoint,tractatus-heavy-retained-artifacts-2026-08-14.zip,f38ed4abddf438aa7e9c297244d3db88d35198eeba017c91cc46f646573a69c6,78888d26667b893a581f4e01126f47d7eaacf91c1de795c5b871ce2e57655c72,74991,Removed from Git history; restore from external archive if exact retained artifact is needed.
results/dsh_validation/phase3_controlled_alignment/checkpoints/paired/full_model/align000/seed005.vocab.json,model_checkpoint,tractatus-heavy-retained-artifacts-2026-08-14.zip,f38ed4abddf438aa7e9c297244d3db88d35198eeba017c91cc46f646573a69c6,78888d26667b893a581f4e01126f47d7eaacf91c1de795c5b871ce2e57655c72,74991,Removed from Git history; restore from external archive if exact retained artifact is needed.
results/dsh_validation/phase3_controlled_alignment/checkpoints/paired/full_model/align000/seed004.pt,model_checkpoint,tractatus-heavy-retained-artifacts-2026-08-14.zip,f38ed4abddf438aa7e9c297244d3db88d35198eeba017c91cc46f646573a69c6,1559d6a5740cf43489a0119ee27a4ea091d8d65f3873a58f31ad3379175e7cee,7479454,Removed from Git history; restore from external archive if exact retained artifact is needed.
results/dsh_validation/phase3_controlled_alignment/checkpoints/paired/full_model/align000/seed007.pt,model_checkpoint,tractatus-heavy-retained-artifacts-2026-08-14.zip,f38ed4abddf438aa7e9c297244d3db88d35198eeba017c91cc46f646573a69c6,d7beb36e0e86ec1e21c2528d53d58ba527b24c2a56866486b77527ddf5800934,7479454,Removed from Git history; restore from external archive if exact retained artifact is needed.
results/dsh_validation/phase3_controlled_alignment/checkpoints/paired/full_model/align000/seed004.vocab.json,model_checkpoint,tractatus-heavy-retained-artifacts-2026-08-14.zip,f38ed4abddf438aa7e9c297244d3db88d35198eeba017c91cc46f646573a69c6,78888d26667b893a581f4e01126f47d7eaacf91c1de795c5b871ce2e57655c72,74991,Removed from Git history; restore from external archive if exact retained artifact is needed.
results/dsh_validation/phase3_controlled_alignment/checkpoints/paired/full_model/align000/seed000.vocab.json,model_checkpoint,tractatus-heavy-retained-artifacts-2026-08-14.zip,f38ed4abddf438aa7e9c297244d3db88d35198eeba017c91cc46f646573a69c6,78888d26667b893a581f4e01126f47d7eaacf91c1de795c5b871ce2e57655c72,74991,Removed from Git history; restore from external archive if exact retained artifact is needed.
results/dsh_validation/phase4_case_studies/data/selected_case_raw_outputs.parquet,raw_or_per_proposition_output,tractatus-heavy-retained-artifacts-2026-08-14.zip,f38ed4abddf438aa7e9c297244d3db88d35198eeba017c91cc46f646573a69c6,95e9b292b2138c337f7326cef2c74fdd5d1ea80bdfc3cf52311b7ec22098e9ad,29673893,Removed from Git history; restore from external archive if exact retained artifact is needed.
results/dsh_validation/dsh_validation_bundle/commands/phase3_controlled_alignment/phase3_canonical_commands.sh,validation_bundle_copy,tractatus-heavy-retained-artifacts-2026-08-14.zip,f38ed4abddf438aa7e9c297244d3db88d35198eeba017c91cc46f646573a69c6,1654f305165b0dcb8ee12ca9338cb99add612a101f91afa3fac044778098ed74,277,Removed from Git history; restore from external archive if exact retained artifact is needed.
results/dsh_validation/dsh_validation_bundle/commands/phase4_case_studies/phase4_commands.sh,validation_bundle_copy,tractatus-heavy-retained-artifacts-2026-08-14.zip,f38ed4abddf438aa7e9c297244d3db88d35198eeba017c91cc46f646573a69c6,1191db7e6354d923263c0c899a3e66671af93707713bfebb0a8258d4bd053cdf,342,Removed from Git history; restore from external archive if exact retained artifact is needed.
results/dsh_validation/dsh_validation_bundle/commands/phase1_ablations/phase1_commands.sh,validation_bundle_copy,tractatus-heavy-retained-artifacts-2026-08-14.zip,f38ed4abddf438aa7e9c297244d3db88d35198eeba017c91cc46f646573a69c6,d3d5d65561284dfd8fce8a8cfaa972057d9f71490b50502dd3ed650bc5a598e9,88379,Removed from Git history; restore from external archive if exact retained artifact is needed.
results/dsh_validation/dsh_validation_bundle/commands/phase2_family_holdout/phase2_commands.sh,validation_bundle_copy,tractatus-heavy-retained-artifacts-2026-08-14.zip,f38ed4abddf438aa7e9c297244d3db88d35198eeba017c91cc46f646573a69c6,5479583e87762f8cb8f3b4b5f8d63eb070cb0e15bd31aabd307fe372cda7f64e,65994,Removed from Git history; restore from external archive if exact retained artifact is needed.
results/dsh_validation/dsh_validation_bundle/bundle_file_manifest.csv,validation_bundle_copy,tractatus-heavy-retained-artifacts-2026-08-14.zip,f38ed4abddf438aa7e9c297244d3db88d35198eeba017c91cc46f646573a69c6,62933dc73b8df3d3ce8b7a59d38806e9a90b305b8e2a207e451c0505062d2515,15255,Removed from Git history; restore from external archive if exact retained artifact is needed.
results/dsh_validation/dsh_validation_bundle/unresolved_questions.md,validation_bundle_copy,tractatus-heavy-retained-artifacts-2026-08-14.zip,f38ed4abddf438aa7e9c297244d3db88d35198eeba017c91cc46f646573a69c6,90e28da1050af5505a9669f43f954dcbb7f566e29df30962cecc8d24c78791ee,856,Removed from Git history; restore from external archive if exact retained artifact is needed.
results/dsh_validation/dsh_validation_bundle/publication_claims_matrix.csv,validation_bundle_copy,tractatus-heavy-retained-artifacts-2026-08-14.zip,f38ed4abddf438aa7e9c297244d3db88d35198eeba017c91cc46f646573a69c6,33c8dc89c4127ae44edf574b73dd37fec0020eeeec18d226e33de784ea114eba,6410,Removed from Git history; restore from external archive if exact retained artifact is needed.
results/dsh_validation/dsh_validation_bundle/executive_summary.md,validation_bundle_copy,tractatus-heavy-retained-artifacts-2026-08-14.zip,f38ed4abddf438aa7e9c297244d3db88d35198eeba017c91cc46f646573a69c6,6afaf3ccf0598feee68c7f92ed3e6365dd1a2ede8381c93c2bb5d781f569b750,2019,Removed from Git history; restore from external archive if exact retained artifact is needed.
results/dsh_validation/dsh_validation_bundle/all_summary_tables/phase3_controlled_alignment/phase3_summary.csv,validation_bundle_copy,tractatus-heavy-retained-artifacts-2026-08-14.zip,f38ed4abddf438aa7e9c297244d3db88d35198eeba017c91cc46f646573a69c6,68ced64082ef91a961191c5abdcdc3218b2b54b1717c4aefa1304f83f29f69af,93195,Removed from Git history; restore from external archive if exact retained artifact is needed.
results/dsh_validation/dsh_validation_bundle/all_summary_tables/phase3_controlled_alignment/phase3_epoch_trajectories.parquet,raw_or_per_proposition_output,tractatus-heavy-retained-artifacts-2026-08-14.zip,f38ed4abddf438aa7e9c297244d3db88d35198eeba017c91cc46f646573a69c6,b83bb827d8649f356453de650bad421202f1b3d2593271da03dea178661976f5,986082,Removed from Git history; restore from external archive if exact retained artifact is needed.
results/dsh_validation/dsh_validation_bundle/all_summary_tables/phase3_controlled_alignment/phase3_pair_coverage.csv,validation_bundle_copy,tractatus-heavy-retained-artifacts-2026-08-14.zip,f38ed4abddf438aa7e9c297244d3db88d35198eeba017c91cc46f646573a69c6,d30bccd451eef90d5730bf20be381d1ce9ee74bc1490359b6c80bb7f0da84332,3713,Removed from Git history; restore from external archive if exact retained artifact is needed.
results/dsh_validation/dsh_validation_bundle/all_summary_tables/phase3_controlled_alignment/phase3_seed_results.csv,validation_bundle_copy,tractatus-heavy-retained-artifacts-2026-08-14.zip,f38ed4abddf438aa7e9c297244d3db88d35198eeba017c91cc46f646573a69c6,05add5fec07402a8904d1fa188f6c479570b7ffbd650bc435fc7082e0971b12b,194831,Removed from Git history; restore from external archive if exact retained artifact is needed.
results/dsh_validation/dsh_validation_bundle/all_summary_tables/phase4_case_studies/phase4_robustness_summary.csv,validation_bundle_copy,tractatus-heavy-retained-artifacts-2026-08-14.zip,f38ed4abddf438aa7e9c297244d3db88d35198eeba017c91cc46f646573a69c6,008ce2c3b64730a5c9bda6681abf33ccfb55fdac73759301459e025dd57530e5,4616,Removed from Git history; restore from external archive if exact retained artifact is needed.
results/dsh_validation/dsh_validation_bundle/all_summary_tables/phase4_case_studies/family_member_texts.csv,validation_bundle_copy,tractatus-heavy-retained-artifacts-2026-08-14.zip,f38ed4abddf438aa7e9c297244d3db88d35198eeba017c91cc46f646573a69c6,ea762ecd343c6117675258779a1c4f3b290ef24c1c3b2237c3dc23c486e6d68d,11474,Removed from Git history; restore from external archive if exact retained artifact is needed.
results/dsh_validation/dsh_validation_bundle/all_summary_tables/phase4_case_studies/hierarchy_sequence_candidate_metrics.csv,validation_bundle_copy,tractatus-heavy-retained-artifacts-2026-08-14.zip,f38ed4abddf438aa7e9c297244d3db88d35198eeba017c91cc46f646573a69c6,bd95f507c6d9409898093ea18cfe7c154a4b2812ea6f49a5979aa74248fa5969,26404,Removed from Git history; restore from external archive if exact retained artifact is needed.
results/dsh_validation/dsh_validation_bundle/all_summary_tables/phase4_case_studies/neighbourhood_candidate_metrics.csv,validation_bundle_copy,tractatus-heavy-retained-artifacts-2026-08-14.zip,f38ed4abddf438aa7e9c297244d3db88d35198eeba017c91cc46f646573a69c6,e3549c582b7c4e77876e5474d57dd788b8455b021171bbafb89826a9712a7687,74162,Removed from Git history; restore from external archive if exact retained artifact is needed.
results/dsh_validation/dsh_validation_bundle/all_summary_tables/phase4_case_studies/hierarchy_sequence_seed_metrics.csv,validation_bundle_copy,tractatus-heavy-retained-artifacts-2026-08-14.zip,f38ed4abddf438aa7e9c297244d3db88d35198eeba017c91cc46f646573a69c6,089f5a9dc7e1500fbc6916dc0f799cde9b5a72fac6584c54ed18e4cdb5355a7a,298184,Removed from Git history; restore from external archive if exact retained artifact is needed.
results/dsh_validation/dsh_validation_bundle/all_summary_tables/phase4_case_studies/family_matched_controls.csv,validation_bundle_copy,tractatus-heavy-retained-artifacts-2026-08-14.zip,f38ed4abddf438aa7e9c297244d3db88d35198eeba017c91cc46f646573a69c6,6078ff8cb7ff682e9684c62f81b15d853bcb474d0561c18da1355c51d11243c5,15336,Removed from Git history; restore from external archive if exact retained artifact is needed.
results/dsh_validation/dsh_validation_bundle/all_summary_tables/phase4_case_studies/neighbourhood_seed_metrics.csv,validation_bundle_copy,tractatus-heavy-retained-artifacts-2026-08-14.zip,f38ed4abddf438aa7e9c297244d3db88d35198eeba017c91cc46f646573a69c6,b70e62a064f2c9230f5d1387a208ddf5a54771cc6a511dece3492bba25b58b81,4921345,Removed from Git history; restore from external archive if exact retained artifact is needed.
results/dsh_validation/dsh_validation_bundle/all_summary_tables/phase4_case_studies/family_candidate_metrics.csv,validation_bundle_copy,tractatus-heavy-retained-artifacts-2026-08-14.zip,f38ed4abddf438aa7e9c297244d3db88d35198eeba017c91cc46f646573a69c6,d4690845600ff10b1b1927b5ee22b87a6615280122ec72ca34508d31fa0ede51,18094,Removed from Git history; restore from external archive if exact retained artifact is needed.
results/dsh_validation/dsh_validation_bundle/all_summary_tables/phase4_case_studies/candidate_manifest_with_text.csv,validation_bundle_copy,tractatus-heavy-retained-artifacts-2026-08-14.zip,f38ed4abddf438aa7e9c297244d3db88d35198eeba017c91cc46f646573a69c6,25d59a0a004c7b8902fd6396e7ee4c7d3e311a99f7bf18d6ee8790755f34d431,8045,Removed from Git history; restore from external archive if exact retained artifact is needed.
results/dsh_validation/dsh_validation_bundle/all_summary_tables/phase4_case_studies/candidate_manifest_pre_text.csv,validation_bundle_copy,tractatus-heavy-retained-artifacts-2026-08-14.zip,f38ed4abddf438aa7e9c297244d3db88d35198eeba017c91cc46f646573a69c6,c4c6ac3c5473f47d181fdb8f1e155eab2d938a9bd674f2435c7fb48bc29e5ffc,3588,Removed from Git history; restore from external archive if exact retained artifact is needed.
results/dsh_validation/dsh_validation_bundle/all_summary_tables/phase4_case_studies/candidate_manifest_pre_text.sha256,validation_bundle_copy,tractatus-heavy-retained-artifacts-2026-08-14.zip,f38ed4abddf438aa7e9c297244d3db88d35198eeba017c91cc46f646573a69c6,a11e6d7c10bab9c870d8e7c8173b0fa94a9104829bf25216c75f87594c0352ce,98,Removed from Git history; restore from external archive if exact retained artifact is needed.
results/dsh_validation/dsh_validation_bundle/all_summary_tables/phase4_case_studies/family_seed_metrics.csv,validation_bundle_copy,tractatus-heavy-retained-artifacts-2026-08-14.zip,f38ed4abddf438aa7e9c297244d3db88d35198eeba017c91cc46f646573a69c6,db1c1b93ce747091eda535f7fa9d1dc793848cf9131427351b604aa6a223098d,111757,Removed from Git history; restore from external archive if exact retained artifact is needed.
results/dsh_validation/dsh_validation_bundle/all_summary_tables/phase1_ablations/phase1_seed_level_results.csv,validation_bundle_copy,tractatus-heavy-retained-artifacts-2026-08-14.zip,f38ed4abddf438aa7e9c297244d3db88d35198eeba017c91cc46f646573a69c6,53b5ac0de8881a94736e488491bda4609337b10da36b017376bcfd7f31f55cb1,129294,Removed from Git history; restore from external archive if exact retained artifact is needed.
results/dsh_validation/dsh_validation_bundle/all_summary_tables/phase1_ablations/phase1_ablation_summary.csv,validation_bundle_copy,tractatus-heavy-retained-artifacts-2026-08-14.zip,f38ed4abddf438aa7e9c297244d3db88d35198eeba017c91cc46f646573a69c6,26f2ec002cc3cfbc6374c712c782acada95c74cbd55e4d00f891f7aeea398381,85019,Removed from Git history; restore from external archive if exact retained artifact is needed.
results/dsh_validation/dsh_validation_bundle/all_summary_tables/phase1_ablations/phase1_paired_differences.csv,validation_bundle_copy,tractatus-heavy-retained-artifacts-2026-08-14.zip,f38ed4abddf438aa7e9c297244d3db88d35198eeba017c91cc46f646573a69c6,d73406d23d6b1e2188ae2192ac402e864d160bc47c8ce94052df1fc8c4f991bd,4016,Removed from Git history; restore from external archive if exact retained artifact is needed.
results/dsh_validation/dsh_validation_bundle/all_summary_tables/phase1_ablations/phase1_recomputed_seed_level_results.csv,validation_bundle_copy,tractatus-heavy-retained-artifacts-2026-08-14.zip,f38ed4abddf438aa7e9c297244d3db88d35198eeba017c91cc46f646573a69c6,f5cf9b4edc6a2e225d09e92b542bdb6c2fa9f68cc80c71dc872bcc8545f3d201,129286,Removed from Git history; restore from external archive if exact retained artifact is needed.
results/dsh_validation/dsh_validation_bundle/all_summary_tables/phase2_family_holdout/phase2_summary.csv,validation_bundle_copy,tractatus-heavy-retained-artifacts-2026-08-14.zip,f38ed4abddf438aa7e9c297244d3db88d35198eeba017c91cc46f646573a69c6,63e6d68e3eddb4d3098c8863d2fcd1a6c8703026f1d0bcd397db677623da2512,52348,Removed from Git history; restore from external archive if exact retained artifact is needed.
results/dsh_validation/dsh_validation_bundle/all_summary_tables/phase2_family_holdout/phase2_fold_manifest.csv,validation_bundle_copy,tractatus-heavy-retained-artifacts-2026-08-14.zip,f38ed4abddf438aa7e9c297244d3db88d35198eeba017c91cc46f646573a69c6,582a7b84be845326fc55eddc38779504ae6db915603c29d735e73c467a8b7a69,14976,Removed from Git history; restore from external archive if exact retained artifact is needed.
results/dsh_validation/dsh_validation_bundle/all_summary_tables/phase2_family_holdout/phase2_seed_fold_results.csv,validation_bundle_copy,tractatus-heavy-retained-artifacts-2026-08-14.zip,f38ed4abddf438aa7e9c297244d3db88d35198eeba017c91cc46f646573a69c6,930eb3da37db5e76e6b52d74dd7d929417e7ae06eb8f5408fa565d18ae2d3e58,117822,Removed from Git history; restore from external archive if exact retained artifact is needed.
results/dsh_validation/dsh_validation_bundle/all_summary_tables/phase2_family_holdout/phase2_matched_family_results.csv,validation_bundle_copy,tractatus-heavy-retained-artifacts-2026-08-14.zip,f38ed4abddf438aa7e9c297244d3db88d35198eeba017c91cc46f646573a69c6,32d37a444b0efc28f1e5945f9a82d1503d42569337c43ba7b0a2ed5d939df815,86086,Removed from Git history; restore from external archive if exact retained artifact is needed.
results/dsh_validation/dsh_validation_bundle/recommended_manuscript_changes.md,validation_bundle_copy,tractatus-heavy-retained-artifacts-2026-08-14.zip,f38ed4abddf438aa7e9c297244d3db88d35198eeba017c91cc46f646573a69c6,6891963c1036b28478a9df4f111617fb06a1df495deb916f19b3e8e0b9d67a97,1665,Removed from Git history; restore from external archive if exact retained artifact is needed.
results/dsh_validation/dsh_validation_bundle/selected_figures/phase3_controlled_alignment/formal_parent_accuracy_across_lambda.png,validation_bundle_copy,tractatus-heavy-retained-artifacts-2026-08-14.zip,f38ed4abddf438aa7e9c297244d3db88d35198eeba017c91cc46f646573a69c6,0fc226d7ad8ae1febe20a17077c9cc81988cddb4130c999ec504537a9bd2d29e,252477,Removed from Git history; restore from external archive if exact retained artifact is needed.
results/dsh_validation/dsh_validation_bundle/selected_figures/phase3_controlled_alignment/posterior_variance_across_lambda.png,validation_bundle_copy,tractatus-heavy-retained-artifacts-2026-08-14.zip,f38ed4abddf438aa7e9c297244d3db88d35198eeba017c91cc46f646573a69c6,d720febad7ac1e2fb5241436a34725acf132d0298123cfb69ea5528ce9c58a45,246904,Removed from Git history; restore from external archive if exact retained artifact is needed.
results/dsh_validation/dsh_validation_bundle/selected_figures/phase3_controlled_alignment/formal_depth_accuracy_across_lambda.png,validation_bundle_copy,tractatus-heavy-retained-artifacts-2026-08-14.zip,f38ed4abddf438aa7e9c297244d3db88d35198eeba017c91cc46f646573a69c6,567ca954838dfba6fd6e14be9d1a830ec1046e1fbeab0d66e4c2eee3617f8abd,256799,Removed from Git history; restore from external archive if exact retained artifact is needed.
results/dsh_validation/dsh_validation_bundle/selected_figures/phase3_controlled_alignment/retrieval_across_lambda.png,validation_bundle_copy,tractatus-heavy-retained-artifacts-2026-08-14.zip,f38ed4abddf438aa7e9c297244d3db88d35198eeba017c91cc46f646573a69c6,b60990e9e518b955dae618e0017a11c3ce965886c0564ba4e01951715d4a6956,194037,Removed from Git history; restore from external archive if exact retained artifact is needed.
results/dsh_validation/dsh_validation_bundle/selected_figures/phase3_controlled_alignment/same_id_distance_across_lambda.png,validation_bundle_copy,tractatus-heavy-retained-artifacts-2026-08-14.zip,f38ed4abddf438aa7e9c297244d3db88d35198eeba017c91cc46f646573a69c6,7982bfe10cc70702b66e8e2636641553d44c92173d1bb277a4293f3ea6d1758a,251961,Removed from Git history; restore from external archive if exact retained artifact is needed.
results/dsh_validation/dsh_validation_bundle/selected_figures/phase3_controlled_alignment/structure_mean_norm_across_lambda.png,validation_bundle_copy,tractatus-heavy-retained-artifacts-2026-08-14.zip,f38ed4abddf438aa7e9c297244d3db88d35198eeba017c91cc46f646573a69c6,b87349c109fcf871e1b7bfb4ad978249d8553ee00d71be25d1fbfacb7d7e75f2,202786,Removed from Git history; restore from external archive if exact retained artifact is needed.
results/dsh_validation/dsh_validation_bundle/selected_figures/phase3_controlled_alignment/alignment_loss_trajectories.png,validation_bundle_copy,tractatus-heavy-retained-artifacts-2026-08-14.zip,f38ed4abddf438aa7e9c297244d3db88d35198eeba017c91cc46f646573a69c6,59c18dc44011b58aa8b43838fcc16701e8e347b4d4f08e14eaa044ebb427e14b,603589,Removed from Git history; restore from external archive if exact retained artifact is needed.
results/dsh_validation/dsh_validation_bundle/selected_figures/phase3_controlled_alignment/formal_successor_accuracy_across_lambda.png,validation_bundle_copy,tractatus-heavy-retained-artifacts-2026-08-14.zip,f38ed4abddf438aa7e9c297244d3db88d35198eeba017c91cc46f646573a69c6,79e8f11cf2eef078335826ce8db2df6afcd32f7c12be2848f459a398b0b57f0c,170722,Removed from Git history; restore from external archive if exact retained artifact is needed.
results/dsh_validation/dsh_validation_bundle/selected_figures/phase4_case_studies/figures/07_B_bilingual_neighbourhood_divergence_stable_high_overlap_control_2_19_same_id_distance_by_seed.png,validation_bundle_copy,tractatus-heavy-retained-artifacts-2026-08-14.zip,f38ed4abddf438aa7e9c297244d3db88d35198eeba017c91cc46f646573a69c6,6da66ff9c2ca9b8595a5ea5b9d202b60461eec3a23f78d296a148c3473bda169,196332,Removed from Git history; restore from external archive if exact retained artifact is needed.
results/dsh_validation/dsh_validation_bundle/selected_figures/phase4_case_studies/figures/06_B_bilingual_neighbourhood_divergence_stable_high_overlap_control_2_13_same_id_distance_by_seed.png,validation_bundle_copy,tractatus-heavy-retained-artifacts-2026-08-14.zip,f38ed4abddf438aa7e9c297244d3db88d35198eeba017c91cc46f646573a69c6,097de2d11ce6882bba6f574c2bd189f1ca51ad4a4eacf514c2a81598b9519935,222110,Removed from Git history; restore from external archive if exact retained artifact is needed.
results/dsh_validation/dsh_validation_bundle/selected_figures/phase4_case_studies/figures/01_A_formally_controlled_family_differentiation_unusually_strong_cohesion_3_31_same_id_distance_by_seed.png,validation_bundle_copy,tractatus-heavy-retained-artifacts-2026-08-14.zip,f38ed4abddf438aa7e9c297244d3db88d35198eeba017c91cc46f646573a69c6,5f331d246c33c34aef2045bf407dd35af361186fcbbbe67800864c91bf4f0192,216222,Removed from Git history; restore from external archive if exact retained artifact is needed.
results/dsh_validation/dsh_validation_bundle/selected_figures/phase4_case_studies/figures/05_B_bilingual_neighbourhood_divergence_stable_low_overlap_4_431_same_id_distance_by_seed.png,validation_bundle_copy,tractatus-heavy-retained-artifacts-2026-08-14.zip,f38ed4abddf438aa7e9c297244d3db88d35198eeba017c91cc46f646573a69c6,ad03571f095e20b2b5fb6fe0261731c281cc96a94598854d6b7e6a54c8602ada,190166,Removed from Git history; restore from external archive if exact retained artifact is needed.
results/dsh_validation/dsh_validation_bundle/selected_figures/phase4_case_studies/figures/04_B_bilingual_neighbourhood_divergence_stable_low_overlap_4_31_same_id_distance_by_seed.png,validation_bundle_copy,tractatus-heavy-retained-artifacts-2026-08-14.zip,f38ed4abddf438aa7e9c297244d3db88d35198eeba017c91cc46f646573a69c6,98a195d901ce5dd7274d6a8f30fec424cbf02a5cb60bfd157e7b8689d12baafa,198812,Removed from Git history; restore from external archive if exact retained artifact is needed.
results/dsh_validation/dsh_validation_bundle/selected_figures/phase4_case_studies/figures/09_C_hierarchy_sequence_tension_strong_successor_weak_parent_6_241_same_id_distance_by_seed.png,validation_bundle_copy,tractatus-heavy-retained-artifacts-2026-08-14.zip,f38ed4abddf438aa7e9c297244d3db88d35198eeba017c91cc46f646573a69c6,aae94e2883b2db2489090c507bc409fd81a714b1564998a407448768806a5af6,194369,Removed from Git history; restore from external archive if exact retained artifact is needed.
results/dsh_validation/dsh_validation_bundle/selected_figures/phase4_case_studies/figures/10_C_hierarchy_sequence_tension_ordinary_control_5_64_same_id_distance_by_seed.png,validation_bundle_copy,tractatus-heavy-retained-artifacts-2026-08-14.zip,f38ed4abddf438aa7e9c297244d3db88d35198eeba017c91cc46f646573a69c6,90dd9a6567c8038d77a98e6c3cd39436f184542a870c9cc7eecc2ce44d6dd6a7,207934,Removed from Git history; restore from external archive if exact retained artifact is needed.
results/dsh_validation/dsh_validation_bundle/selected_figures/phase4_case_studies/figures/02_A_formally_controlled_family_differentiation_unusually_strong_internal_differentiation_5_5_same_id_distance_by_seed.png,validation_bundle_copy,tractatus-heavy-retained-artifacts-2026-08-14.zip,f38ed4abddf438aa7e9c297244d3db88d35198eeba017c91cc46f646573a69c6,dc64b0937a34ea01e9ad81b5ef75d05b7cbcd2a0437f2259fa91848d64112e92,232978,Removed from Git history; restore from external archive if exact retained artifact is needed.
results/dsh_validation/dsh_validation_bundle/selected_figures/phase4_case_studies/figures/03_A_formally_controlled_family_differentiation_typical_matched_control_family_5_63_same_id_distance_by_seed.png,validation_bundle_copy,tractatus-heavy-retained-artifacts-2026-08-14.zip,f38ed4abddf438aa7e9c297244d3db88d35198eeba017c91cc46f646573a69c6,1be0b5129e9f209cfa0cd67955fd2c9ef9bb1b849f1b823ef752664ddd3c4a06,240665,Removed from Git history; restore from external archive if exact retained artifact is needed.
results/dsh_validation/dsh_validation_bundle/selected_figures/phase4_case_studies/figures/08_C_hierarchy_sequence_tension_confident_parent_poor_successor_5_524_same_id_distance_by_seed.png,validation_bundle_copy,tractatus-heavy-retained-artifacts-2026-08-14.zip,f38ed4abddf438aa7e9c297244d3db88d35198eeba017c91cc46f646573a69c6,38e40607fa684dfe9e77470d6dcf1400a063c8233ee94a1ee567c9c355676fc6,198152,Removed from Git history; restore from external archive if exact retained artifact is needed.
results/dsh_validation/dsh_validation_bundle/selected_figures/phase1_ablations/figures/structure_sibling_vs_unrelated_contrast.png,validation_bundle_copy,tractatus-heavy-retained-artifacts-2026-08-14.zip,f38ed4abddf438aa7e9c297244d3db88d35198eeba017c91cc46f646573a69c6,c9ac16294339c5f1b4d0e61268bfff80d0d9bd116fcaf1daeef53841ba6667c9,416612,Removed from Git history; restore from external archive if exact retained artifact is needed.
results/dsh_validation/dsh_validation_bundle/selected_figures/phase1_ablations/figures/structure_cross_language_top1.png,validation_bundle_copy,tractatus-heavy-retained-artifacts-2026-08-14.zip,f38ed4abddf438aa7e9c297244d3db88d35198eeba017c91cc46f646573a69c6,2e5025694a0a3f1ba91bd23c8b4556049757b09c6dad74df8e44980fd673fe9b,430097,Removed from Git history; restore from external archive if exact retained artifact is needed.
results/dsh_validation/dsh_validation_bundle/selected_figures/phase1_ablations/figures/structure_wider_neighbourhood_jaccard_k10.png,validation_bundle_copy,tractatus-heavy-retained-artifacts-2026-08-14.zip,f38ed4abddf438aa7e9c297244d3db88d35198eeba017c91cc46f646573a69c6,eb64837f9ae7dcef8b1a1f870b099876dfe02367e0b463b65a82a3afba735158,443607,Removed from Git history; restore from external archive if exact retained artifact is needed.
results/dsh_validation/dsh_validation_bundle/selected_figures/phase1_ablations/figures/text_cross_language_top1.png,validation_bundle_copy,tractatus-heavy-retained-artifacts-2026-08-14.zip,f38ed4abddf438aa7e9c297244d3db88d35198eeba017c91cc46f646573a69c6,69dbca2f2e383f97da5a0b38e864afe1d7a1590b3830dc7087192b9c683f72cc,455498,Removed from Git history; restore from external archive if exact retained artifact is needed.
results/dsh_validation/dsh_validation_bundle/selected_figures/phase2_family_holdout/figures/structure_complete_candidates_top1.png,validation_bundle_copy,tractatus-heavy-retained-artifacts-2026-08-14.zip,f38ed4abddf438aa7e9c297244d3db88d35198eeba017c91cc46f646573a69c6,a27aec7c40a8d2611ed26d653cd897be3ab6e2d53d0dcf2275dda37cec3e8eeb,266947,Removed from Git history; restore from external archive if exact retained artifact is needed.
results/dsh_validation/dsh_validation_bundle/selected_figures/phase2_family_holdout/figures/structure_test_candidates_top1.png,validation_bundle_copy,tractatus-heavy-retained-artifacts-2026-08-14.zip,f38ed4abddf438aa7e9c297244d3db88d35198eeba017c91cc46f646573a69c6,fe28126412ed243f28b188a2fdb0a37fede149bd2921cc2356294706e24acb57,241815,Removed from Git history; restore from external archive if exact retained artifact is needed.
results/dsh_validation/dsh_validation_bundle/selected_figures/phase2_family_holdout/figures/structure_sibling_vs_matched_unrelated_contrast.png,validation_bundle_copy,tractatus-heavy-retained-artifacts-2026-08-14.zip,f38ed4abddf438aa7e9c297244d3db88d35198eeba017c91cc46f646573a69c6,5108ff8753261d9d6aa94525e7c9d40c7475b64796d7868961b004a7837c5c05,236026,Removed from Git history; restore from external archive if exact retained artifact is needed.
results/dsh_validation/dsh_validation_bundle/selected_figures/phase2_family_holdout/figures/text_test_candidates_top1.png,validation_bundle_copy,tractatus-heavy-retained-artifacts-2026-08-14.zip,f38ed4abddf438aa7e9c297244d3db88d35198eeba017c91cc46f646573a69c6,72ce12d96d272b3bb6a62a921d0934a661ca0f0228e227e3a8b81431cf4dcd78,240474,Removed from Git history; restore from external archive if exact retained artifact is needed.
results/dsh_validation/dsh_validation_bundle/all_phase_reports/phase3_controlled_alignment/phase3_verification_report.md,validation_bundle_copy,tractatus-heavy-retained-artifacts-2026-08-14.zip,f38ed4abddf438aa7e9c297244d3db88d35198eeba017c91cc46f646573a69c6,c3e23bbc4f26228124a31c0663604a81ce089ce31af6537f1218549287679c8a,5866,Removed from Git history; restore from external archive if exact retained artifact is needed.
results/dsh_validation/dsh_validation_bundle/all_phase_reports/phase3_controlled_alignment/phase3_alignment_report.md,validation_bundle_copy,tractatus-heavy-retained-artifacts-2026-08-14.zip,f38ed4abddf438aa7e9c297244d3db88d35198eeba017c91cc46f646573a69c6,9a63bbe6cbbc20e42b9401a8257f880846d57f24b44c732221514d1168e5a932,7020,Removed from Git history; restore from external archive if exact retained artifact is needed.
results/dsh_validation/dsh_validation_bundle/all_phase_reports/phase4_case_studies/phase4_case_studies_report.md,validation_bundle_copy,tractatus-heavy-retained-artifacts-2026-08-14.zip,f38ed4abddf438aa7e9c297244d3db88d35198eeba017c91cc46f646573a69c6,cc6117b552744db55190de1e42347ce92e5434aa19500b757f47ce41fa5514c4,10348,Removed from Git history; restore from external archive if exact retained artifact is needed.
results/dsh_validation/dsh_validation_bundle/all_phase_reports/phase4_case_studies/phase4_case_selection_protocol.md,validation_bundle_copy,tractatus-heavy-retained-artifacts-2026-08-14.zip,f38ed4abddf438aa7e9c297244d3db88d35198eeba017c91cc46f646573a69c6,c78d994761ccd5878d5f66868ab92b234bc2183319bcf146df1d4a278dd1c5e3,694,Removed from Git history; restore from external archive if exact retained artifact is needed.
results/dsh_validation/dsh_validation_bundle/all_phase_reports/phase4_case_studies/dossiers/04_B_bilingual_neighbourhood_divergence_stable_low_overlap.md,validation_bundle_copy,tractatus-heavy-retained-artifacts-2026-08-14.zip,f38ed4abddf438aa7e9c297244d3db88d35198eeba017c91cc46f646573a69c6,d21f4c67e901d64df617626eb48aa76e58e2b9436e241e19b52ad5597cf6fced,6443,Removed from Git history; restore from external archive if exact retained artifact is needed.
results/dsh_validation/dsh_validation_bundle/all_phase_reports/phase4_case_studies/dossiers/03_A_formally_controlled_family_differentiation_typical_matched_control_family.md,validation_bundle_copy,tractatus-heavy-retained-artifacts-2026-08-14.zip,f38ed4abddf438aa7e9c297244d3db88d35198eeba017c91cc46f646573a69c6,fb313dc48900d7310477c45976b282706a1c8860cc848d9405ef64a6f580ab21,16282,Removed from Git history; restore from external archive if exact retained artifact is needed.
results/dsh_validation/dsh_validation_bundle/all_phase_reports/phase4_case_studies/dossiers/01_A_formally_controlled_family_differentiation_unusually_strong_cohesion.md,validation_bundle_copy,tractatus-heavy-retained-artifacts-2026-08-14.zip,f38ed4abddf438aa7e9c297244d3db88d35198eeba017c91cc46f646573a69c6,b60846918450c5f46e625a64d41b76b6a69cd4c624036126b93547ffe61a0ae7,29704,Removed from Git history; restore from external archive if exact retained artifact is needed.
results/dsh_validation/dsh_validation_bundle/all_phase_reports/phase4_case_studies/dossiers/08_C_hierarchy_sequence_tension_confident_parent_poor_successor.md,validation_bundle_copy,tractatus-heavy-retained-artifacts-2026-08-14.zip,f38ed4abddf438aa7e9c297244d3db88d35198eeba017c91cc46f646573a69c6,ed8a5351177e1cdb6dad56a7f67e6c294d5c0eae485e77e3a3311eb0dd564f66,5646,Removed from Git history; restore from external archive if exact retained artifact is needed.
results/dsh_validation/dsh_validation_bundle/all_phase_reports/phase4_case_studies/dossiers/07_B_bilingual_neighbourhood_divergence_stable_high_overlap_control.md,validation_bundle_copy,tractatus-heavy-retained-artifacts-2026-08-14.zip,f38ed4abddf438aa7e9c297244d3db88d35198eeba017c91cc46f646573a69c6,9479fc1cb4b16ad32695bd39a13c81bfc8407fc6571b12d64440f9fd927b692a,5513,Removed from Git history; restore from external archive if exact retained artifact is needed.
results/dsh_validation/dsh_validation_bundle/all_phase_reports/phase4_case_studies/dossiers/02_A_formally_controlled_family_differentiation_unusually_strong_internal_differentiation.md,validation_bundle_copy,tractatus-heavy-retained-artifacts-2026-08-14.zip,f38ed4abddf438aa7e9c297244d3db88d35198eeba017c91cc46f646573a69c6,d2e405ea697dbd987e627241ea4f50fe4e282c654763396563d1d4ba07e0cf71,29798,Removed from Git history; restore from external archive if exact retained artifact is needed.
results/dsh_validation/dsh_validation_bundle/all_phase_reports/phase4_case_studies/dossiers/05_B_bilingual_neighbourhood_divergence_stable_low_overlap.md,validation_bundle_copy,tractatus-heavy-retained-artifacts-2026-08-14.zip,f38ed4abddf438aa7e9c297244d3db88d35198eeba017c91cc46f646573a69c6,b309094b92ab282421575fb9c67b744579cbebe64b2ec8fe614d1d02199ea45e,6585,Removed from Git history; restore from external archive if exact retained artifact is needed.
results/dsh_validation/dsh_validation_bundle/all_phase_reports/phase4_case_studies/dossiers/06_B_bilingual_neighbourhood_divergence_stable_high_overlap_control.md,validation_bundle_copy,tractatus-heavy-retained-artifacts-2026-08-14.zip,f38ed4abddf438aa7e9c297244d3db88d35198eeba017c91cc46f646573a69c6,15af818e138f2ec201ac42e63aafbda6ac59d31702d32224c102f887367e0858,5580,Removed from Git history; restore from external archive if exact retained artifact is needed.
results/dsh_validation/dsh_validation_bundle/all_phase_reports/phase4_case_studies/dossiers/10_C_hierarchy_sequence_tension_ordinary_control.md,validation_bundle_copy,tractatus-heavy-retained-artifacts-2026-08-14.zip,f38ed4abddf438aa7e9c297244d3db88d35198eeba017c91cc46f646573a69c6,932eb697cff4122ef29fded6bf2d259ab78b11c53edcda4ced0d30df093b3855,5653,Removed from Git history; restore from external archive if exact retained artifact is needed.
results/dsh_validation/dsh_validation_bundle/all_phase_reports/phase4_case_studies/dossiers/09_C_hierarchy_sequence_tension_strong_successor_weak_parent.md,validation_bundle_copy,tractatus-heavy-retained-artifacts-2026-08-14.zip,f38ed4abddf438aa7e9c297244d3db88d35198eeba017c91cc46f646573a69c6,6253194d718ec69e47560e6a3c882d48e0fac6da7810ba8410431ef0d1f6f5c4,5659,Removed from Git history; restore from external archive if exact retained artifact is needed.
results/dsh_validation/dsh_validation_bundle/all_phase_reports/phase4_case_studies/phase4_verification_report.md,validation_bundle_copy,tractatus-heavy-retained-artifacts-2026-08-14.zip,f38ed4abddf438aa7e9c297244d3db88d35198eeba017c91cc46f646573a69c6,a77ea963fb4ff7acd57a5a364d7d73c4a7e769228ca532adfa1a37383e4bed03,7534,Removed from Git history; restore from external archive if exact retained artifact is needed.
results/dsh_validation/dsh_validation_bundle/all_phase_reports/phase1_ablations/phase1_verification_report.md,validation_bundle_copy,tractatus-heavy-retained-artifacts-2026-08-14.zip,f38ed4abddf438aa7e9c297244d3db88d35198eeba017c91cc46f646573a69c6,68e7a21b8e9665b5613c103d78a79d317a4ee9f7109cd53e901efd45b3040d90,21303,Removed from Git history; restore from external archive if exact retained artifact is needed.
results/dsh_validation/dsh_validation_bundle/all_phase_reports/phase1_ablations/phase1_ablation_report.md,validation_bundle_copy,tractatus-heavy-retained-artifacts-2026-08-14.zip,f38ed4abddf438aa7e9c297244d3db88d35198eeba017c91cc46f646573a69c6,7d673ec4db16601053934f73ff506f7dc725e210a1a915a2082519e21fcd8a59,6960,Removed from Git history; restore from external archive if exact retained artifact is needed.
results/dsh_validation/dsh_validation_bundle/all_phase_reports/phase2_family_holdout/phase2_verification_report.md,validation_bundle_copy,tractatus-heavy-retained-artifacts-2026-08-14.zip,f38ed4abddf438aa7e9c297244d3db88d35198eeba017c91cc46f646573a69c6,e206da8ef96fe5c9117322ba2977d5443041a0ed1838ff750c3133dfef26a3df,1981,Removed from Git history; restore from external archive if exact retained artifact is needed.
results/dsh_validation/dsh_validation_bundle/all_phase_reports/phase2_family_holdout/phase2_leakage_checks.md,validation_bundle_copy,tractatus-heavy-retained-artifacts-2026-08-14.zip,f38ed4abddf438aa7e9c297244d3db88d35198eeba017c91cc46f646573a69c6,641ccbbbe07c2e42fbd6d1adc035c700693a2fd2317e72034ef6c5e77d70d5d4,1286,Removed from Git history; restore from external archive if exact retained artifact is needed.
results/dsh_validation/dsh_validation_bundle/all_phase_reports/phase2_family_holdout/phase2_holdout_report.md,validation_bundle_copy,tractatus-heavy-retained-artifacts-2026-08-14.zip,f38ed4abddf438aa7e9c297244d3db88d35198eeba017c91cc46f646573a69c6,3339e502d007f35aed456bf0a4b7f8e7f0df3734cc55d14cb08b5f4e83607512,2609,Removed from Git history; restore from external archive if exact retained artifact is needed.
results/dsh_validation/dsh_validation_bundle/configs/phase3_controlled_alignment/no_successor_expansion_decision.json,validation_bundle_copy,tractatus-heavy-retained-artifacts-2026-08-14.zip,f38ed4abddf438aa7e9c297244d3db88d35198eeba017c91cc46f646573a69c6,114a151ab6c475a2a19f381e1738017b0e4781e752fcf36655c05fbc2417e3f3,405,Removed from Git history; restore from external archive if exact retained artifact is needed.
results/dsh_validation/dsh_validation_bundle/configs/phase3_controlled_alignment/paired_full_model.json,validation_bundle_copy,tractatus-heavy-retained-artifacts-2026-08-14.zip,f38ed4abddf438aa7e9c297244d3db88d35198eeba017c91cc46f646573a69c6,5a1ef26091564a80f774c3e7ac25fc8ae8206d4181f4ce5768cb7a79a5cefe70,702,Removed from Git history; restore from external archive if exact retained artifact is needed.
results/dsh_validation/dsh_validation_bundle/configs/phase3_controlled_alignment/paired_no_successor.json,validation_bundle_copy,tractatus-heavy-retained-artifacts-2026-08-14.zip,f38ed4abddf438aa7e9c297244d3db88d35198eeba017c91cc46f646573a69c6,ac88932bd77b0db058a1be18643d616d960d9d84d32af3646806c624e9da0d1b,683,Removed from Git history; restore from external archive if exact retained artifact is needed.
results/dsh_validation/dsh_validation_bundle/configs/phase4_case_studies/case_selection_config.json,validation_bundle_copy,tractatus-heavy-retained-artifacts-2026-08-14.zip,f38ed4abddf438aa7e9c297244d3db88d35198eeba017c91cc46f646573a69c6,8eaeaeb2f6e2866ef4a33298bde42bad01847a108d6df1f49f81f8c5fdcaae02,948,Removed from Git history; restore from external archive if exact retained artifact is needed.
results/dsh_validation/dsh_validation_bundle/configs/phase4_case_studies/manifest_freeze.json,validation_bundle_copy,tractatus-heavy-retained-artifacts-2026-08-14.zip,f38ed4abddf438aa7e9c297244d3db88d35198eeba017c91cc46f646573a69c6,4bd5633e4526604d185242d8869cf5df488bb6fe6f5a23c3bfb74558549ad2fb,695,Removed from Git history; restore from external archive if exact retained artifact is needed.
results/dsh_validation/dsh_validation_bundle/configs/phase1_ablations/configs/shuffled_joint_targets.json,validation_bundle_copy,tractatus-heavy-retained-artifacts-2026-08-14.zip,f38ed4abddf438aa7e9c297244d3db88d35198eeba017c91cc46f646573a69c6,60476894d22805a41f4d29f2722a09718b48597b5ca766313c6f8d6b476e979c,778,Removed from Git history; restore from external archive if exact retained artifact is needed.
results/dsh_validation/dsh_validation_bundle/configs/phase1_ablations/configs/parent_depth_only.json,validation_bundle_copy,tractatus-heavy-retained-artifacts-2026-08-14.zip,f38ed4abddf438aa7e9c297244d3db88d35198eeba017c91cc46f646573a69c6,8eac03cc249180180ca6714e6e4908b1355e456b3119910a7d458d90b442b9d8,709,Removed from Git history; restore from external archive if exact retained artifact is needed.
results/dsh_validation/dsh_validation_bundle/configs/phase1_ablations/configs/successor_only.json,validation_bundle_copy,tractatus-heavy-retained-artifacts-2026-08-14.zip,f38ed4abddf438aa7e9c297244d3db88d35198eeba017c91cc46f646573a69c6,6457f0b822ec3dd881a66ff3555342d08246663d994bedd8cab5647a10d0bd6e,706,Removed from Git history; restore from external archive if exact retained artifact is needed.
results/dsh_validation/dsh_validation_bundle/configs/phase1_ablations/configs/reconstruction_only.json,validation_bundle_copy,tractatus-heavy-retained-artifacts-2026-08-14.zip,f38ed4abddf438aa7e9c297244d3db88d35198eeba017c91cc46f646573a69c6,a3ee715dffb1de72623125991551458f231a6a94bbe22782277ca0aa807643a5,711,Removed from Git history; restore from external archive if exact retained artifact is needed.
results/dsh_validation/dsh_validation_bundle/configs/phase1_ablations/configs/full_model.json,validation_bundle_copy,tractatus-heavy-retained-artifacts-2026-08-14.zip,f38ed4abddf438aa7e9c297244d3db88d35198eeba017c91cc46f646573a69c6,f78e487bc6a7814f24b907c0ce59f0107e2a02f67904fc830b9167eda6eecfbb,703,Removed from Git history; restore from external archive if exact retained artifact is needed.
results/dsh_validation/dsh_validation_bundle/configs/phase1_ablations/configs/no_successor.json,validation_bundle_copy,tractatus-heavy-retained-artifacts-2026-08-14.zip,f38ed4abddf438aa7e9c297244d3db88d35198eeba017c91cc46f646573a69c6,3ed24bdebefa514e019091af3797d637a61345ca22316fa7d85ab012b8add871,705,Removed from Git history; restore from external archive if exact retained artifact is needed.
results/dsh_validation/dsh_validation_bundle/configs/phase1_ablations/configs/shuffled_no_successor.json,validation_bundle_copy,tractatus-heavy-retained-artifacts-2026-08-14.zip,f38ed4abddf438aa7e9c297244d3db88d35198eeba017c91cc46f646573a69c6,b05a184bc41a56322f227224a85a11fcef76b29709312fcf123a8e29e5f71e06,764,Removed from Git history; restore from external archive if exact retained artifact is needed.
results/dsh_validation/dsh_validation_bundle/configs/phase1_ablations/phase1_config_manifest.json,validation_bundle_copy,tractatus-heavy-retained-artifacts-2026-08-14.zip,f38ed4abddf438aa7e9c297244d3db88d35198eeba017c91cc46f646573a69c6,a255cdc1a2c2f4b52b47b1b5f7fe3a3a2254d4c4383bd78e9d915d9a8550692c,17224,Removed from Git history; restore from external archive if exact retained artifact is needed.
results/dsh_validation/dsh_validation_bundle/configs/phase2_family_holdout/phase2_config_manifest.json,validation_bundle_copy,tractatus-heavy-retained-artifacts-2026-08-14.zip,f38ed4abddf438aa7e9c297244d3db88d35198eeba017c91cc46f646573a69c6,2ff371851c855645532fb7e2deedc5139ea63feb0e3d2417387da0aae6360ec5,11569,Removed from Git history; restore from external archive if exact retained artifact is needed.
results/dsh_validation/dsh_validation_bundle/configs/phase2_family_holdout/configs/reconstruction_only.json,validation_bundle_copy,tractatus-heavy-retained-artifacts-2026-08-14.zip,f38ed4abddf438aa7e9c297244d3db88d35198eeba017c91cc46f646573a69c6,db84149700d98c9fa33f1587f943d6e208b7061e74634e3981b8df4eb000936e,507,Removed from Git history; restore from external archive if exact retained artifact is needed.
results/dsh_validation/dsh_validation_bundle/configs/phase2_family_holdout/configs/full_model.json,validation_bundle_copy,tractatus-heavy-retained-artifacts-2026-08-14.zip,f38ed4abddf438aa7e9c297244d3db88d35198eeba017c91cc46f646573a69c6,6fcca9b7da5ff1ecfae517aad9366cfba6dfc756c1b73e836d8a404b15a58375,499,Removed from Git history; restore from external archive if exact retained artifact is needed.
results/dsh_validation/dsh_validation_bundle/configs/phase2_family_holdout/configs/no_successor.json,validation_bundle_copy,tractatus-heavy-retained-artifacts-2026-08-14.zip,f38ed4abddf438aa7e9c297244d3db88d35198eeba017c91cc46f646573a69c6,413d97e8cf9863be8a03f0a746f66d0eaaafd1643653da3aa0821f52c83099e9,501,Removed from Git history; restore from external archive if exact retained artifact is needed.
results/dsh_validation/dsh_validation_bundle/configs/phase2_family_holdout/ids/fold2_train_ids.json,validation_bundle_copy,tractatus-heavy-retained-artifacts-2026-08-14.zip,f38ed4abddf438aa7e9c297244d3db88d35198eeba017c91cc46f646573a69c6,7f3fbd59db1cf9d5c620b7776a0c905ed99bfbf97733014940d63ffb3851ea35,4573,Removed from Git history; restore from external archive if exact retained artifact is needed.
results/dsh_validation/dsh_validation_bundle/configs/phase2_family_holdout/ids/fold3_train_ids.json,validation_bundle_copy,tractatus-heavy-retained-artifacts-2026-08-14.zip,f38ed4abddf438aa7e9c297244d3db88d35198eeba017c91cc46f646573a69c6,fc8b33cde0aaa1cee6e6d4da99418ebc4ff6fc2e37a67fd4f5d525b87cc11336,4593,Removed from Git history; restore from external archive if exact retained artifact is needed.
results/dsh_validation/dsh_validation_bundle/configs/phase2_family_holdout/ids/fold0_train_ids.json,validation_bundle_copy,tractatus-heavy-retained-artifacts-2026-08-14.zip,f38ed4abddf438aa7e9c297244d3db88d35198eeba017c91cc46f646573a69c6,ed9d464609aaf8d68cdd6399bd46116da3725e6e211870fd013d63b9a646affd,4569,Removed from Git history; restore from external archive if exact retained artifact is needed.
results/dsh_validation/dsh_validation_bundle/configs/phase2_family_holdout/ids/fold1_train_ids.json,validation_bundle_copy,tractatus-heavy-retained-artifacts-2026-08-14.zip,f38ed4abddf438aa7e9c297244d3db88d35198eeba017c91cc46f646573a69c6,0738711d9363c42e540fbd3604305026bd26da8ebe14bb595cfde5e247a53136,4575,Removed from Git history; restore from external archive if exact retained artifact is needed.
results/dsh_validation/dsh_validation_bundle/configs/phase2_family_holdout/ids/fold4_train_ids.json,validation_bundle_copy,tractatus-heavy-retained-artifacts-2026-08-14.zip,f38ed4abddf438aa7e9c297244d3db88d35198eeba017c91cc46f646573a69c6,2aabc966e97e6c559a7f108bc48bf9abb5f407838be716cc82734c8802656635,4569,Removed from Git history; restore from external archive if exact retained artifact is needed.
results/dsh_validation/dsh_validation_bundle/experiment_inventory.csv,validation_bundle_copy,tractatus-heavy-retained-artifacts-2026-08-14.zip,f38ed4abddf438aa7e9c297244d3db88d35198eeba017c91cc46f646573a69c6,2a78b68567c33abcb98853297fba1432ba36a283ea60b9fe0e053ffd1a49bd9d,1910,Removed from Git history; restore from external archive if exact retained artifact is needed.
results/dsh_validation/dsh_validation_bundle/verification_index.md,validation_bundle_copy,tractatus-heavy-retained-artifacts-2026-08-14.zip,f38ed4abddf438aa7e9c297244d3db88d35198eeba017c91cc46f646573a69c6,09b4f4825197107d2e738cc72e675e7560778d0c01c5bd40600f7d956e5d360b,1044,Removed from Git history; restore from external archive if exact retained artifact is needed.
results/dsh_validation/phase1_ablations/phase1_per_proposition_results.parquet,raw_or_per_proposition_output,tractatus-heavy-retained-artifacts-2026-08-14.zip,f38ed4abddf438aa7e9c297244d3db88d35198eeba017c91cc46f646573a69c6,4de8706f44919af43c4ff08ee60bac337a9a5d981137158e5e34837914866116,46867749,Removed from Git history; restore from external archive if exact retained artifact is needed.
results/dsh_validation/phase1_ablations/raw/no_successor/seed000.per_proposition.parquet,raw_or_per_proposition_output,tractatus-heavy-retained-artifacts-2026-08-14.zip,f38ed4abddf438aa7e9c297244d3db88d35198eeba017c91cc46f646573a69c6,f864f6c9fb33af7bf13ad7d00af2d12e353977abb32fb3546f6d3061a4828731,741302,Removed from Git history; restore from external archive if exact retained artifact is needed.
results/dsh_validation/phase1_ablations/raw/no_successor/seed002.per_proposition.parquet,raw_or_per_proposition_output,tractatus-heavy-retained-artifacts-2026-08-14.zip,f38ed4abddf438aa7e9c297244d3db88d35198eeba017c91cc46f646573a69c6,5fcd03c1e1e62e4be688f6a6b77561e2cf9a78c0d1caef3594e0ef93fbc9232f,741746,Removed from Git history; restore from external archive if exact retained artifact is needed.
results/dsh_validation/phase1_ablations/raw/no_successor/seed007.per_proposition.parquet,raw_or_per_proposition_output,tractatus-heavy-retained-artifacts-2026-08-14.zip,f38ed4abddf438aa7e9c297244d3db88d35198eeba017c91cc46f646573a69c6,440027338881fdfce8c924473a12221954c5212d7200076ac7a75fad829cb144,741303,Removed from Git history; restore from external archive if exact retained artifact is needed.
results/dsh_validation/phase1_ablations/raw/no_successor/seed008.per_proposition.parquet,raw_or_per_proposition_output,tractatus-heavy-retained-artifacts-2026-08-14.zip,f38ed4abddf438aa7e9c297244d3db88d35198eeba017c91cc46f646573a69c6,d08043a235c2e4ef53f335dd1e5180d7695ae389e28b4796b790e58ae328cbf3,742559,Removed from Git history; restore from external archive if exact retained artifact is needed.
results/dsh_validation/phase1_ablations/raw/no_successor/seed003.per_proposition.parquet,raw_or_per_proposition_output,tractatus-heavy-retained-artifacts-2026-08-14.zip,f38ed4abddf438aa7e9c297244d3db88d35198eeba017c91cc46f646573a69c6,4296116fab01d8606e02ccd1e77a9437a7c2694e97a9a2b2053ff830651e7d78,741045,Removed from Git history; restore from external archive if exact retained artifact is needed.
results/dsh_validation/phase1_ablations/raw/no_successor/seed006.per_proposition.parquet,raw_or_per_proposition_output,tractatus-heavy-retained-artifacts-2026-08-14.zip,f38ed4abddf438aa7e9c297244d3db88d35198eeba017c91cc46f646573a69c6,00a6532bdf7299b57934129b860afd73bdee6d75f3936253c36637fcdacd6352,741048,Removed from Git history; restore from external archive if exact retained artifact is needed.
results/dsh_validation/phase1_ablations/raw/no_successor/seed009.per_proposition.parquet,raw_or_per_proposition_output,tractatus-heavy-retained-artifacts-2026-08-14.zip,f38ed4abddf438aa7e9c297244d3db88d35198eeba017c91cc46f646573a69c6,31296db6800b5d5f28a7270fb9569b3a7ba1247e37822ed455c0404f5145f162,741855,Removed from Git history; restore from external archive if exact retained artifact is needed.
results/dsh_validation/phase1_ablations/raw/no_successor/seed004.per_proposition.parquet,raw_or_per_proposition_output,tractatus-heavy-retained-artifacts-2026-08-14.zip,f38ed4abddf438aa7e9c297244d3db88d35198eeba017c91cc46f646573a69c6,10bd9cdb10bd4e4355a1d92ba403e84651ad954cbaef7ea5cf4a661947392e45,740217,Removed from Git history; restore from external archive if exact retained artifact is needed.
results/dsh_validation/phase1_ablations/raw/no_successor/seed005.per_proposition.parquet,raw_or_per_proposition_output,tractatus-heavy-retained-artifacts-2026-08-14.zip,f38ed4abddf438aa7e9c297244d3db88d35198eeba017c91cc46f646573a69c6,319f86e139f845e0ed665a248203fb513e50bd502f7535935304b4992972fa3b,741870,Removed from Git history; restore from external archive if exact retained artifact is needed.
results/dsh_validation/phase1_ablations/raw/no_successor/seed001.per_proposition.parquet,raw_or_per_proposition_output,tractatus-heavy-retained-artifacts-2026-08-14.zip,f38ed4abddf438aa7e9c297244d3db88d35198eeba017c91cc46f646573a69c6,53673e1871f79b3a41126dc7ba96e80d06f59263c9572d9251013ae98ff91c24,740804,Removed from Git history; restore from external archive if exact retained artifact is needed.
results/dsh_validation/phase1_ablations/raw/full_model/seed000.per_proposition.parquet,raw_or_per_proposition_output,tractatus-heavy-retained-artifacts-2026-08-14.zip,f38ed4abddf438aa7e9c297244d3db88d35198eeba017c91cc46f646573a69c6,7f2897d31ed66910b1d01fc60115a4c6e81e22ae3ee8b6279c51f3360c2c978e,734965,Removed from Git history; restore from external archive if exact retained artifact is needed.
results/dsh_validation/phase1_ablations/raw/full_model/seed002.per_proposition.parquet,raw_or_per_proposition_output,tractatus-heavy-retained-artifacts-2026-08-14.zip,f38ed4abddf438aa7e9c297244d3db88d35198eeba017c91cc46f646573a69c6,32e6a484baa8ba7ee588f8e1885b4b297ed2b1b23927b7cd6253e8b28e7d175d,735123,Removed from Git history; restore from external archive if exact retained artifact is needed.
results/dsh_validation/phase1_ablations/raw/full_model/seed007.per_proposition.parquet,raw_or_per_proposition_output,tractatus-heavy-retained-artifacts-2026-08-14.zip,f38ed4abddf438aa7e9c297244d3db88d35198eeba017c91cc46f646573a69c6,36d95b159af3295f23f268fbd3e520045b25d860eab506beab164b4363f8db71,735041,Removed from Git history; restore from external archive if exact retained artifact is needed.
results/dsh_validation/phase1_ablations/raw/full_model/seed008.per_proposition.parquet,raw_or_per_proposition_output,tractatus-heavy-retained-artifacts-2026-08-14.zip,f38ed4abddf438aa7e9c297244d3db88d35198eeba017c91cc46f646573a69c6,ed826c8fe098b84bf59c4f9de7ab365846f09cf808edce8c09210ca0ff5dcba4,736307,Removed from Git history; restore from external archive if exact retained artifact is needed.
results/dsh_validation/phase1_ablations/raw/full_model/seed003.per_proposition.parquet,raw_or_per_proposition_output,tractatus-heavy-retained-artifacts-2026-08-14.zip,f38ed4abddf438aa7e9c297244d3db88d35198eeba017c91cc46f646573a69c6,70e29feafc04a0dc646a30daa4471c04d17a22960b89f4f86869b61556628c37,735366,Removed from Git history; restore from external archive if exact retained artifact is needed.
results/dsh_validation/phase1_ablations/raw/full_model/seed006.per_proposition.parquet,raw_or_per_proposition_output,tractatus-heavy-retained-artifacts-2026-08-14.zip,f38ed4abddf438aa7e9c297244d3db88d35198eeba017c91cc46f646573a69c6,51f971dd6de1f6d481126e7f0e5d481aaf7fde07bdfed9a9fe235803bff03c1a,735677,Removed from Git history; restore from external archive if exact retained artifact is needed.
results/dsh_validation/phase1_ablations/raw/full_model/seed009.per_proposition.parquet,raw_or_per_proposition_output,tractatus-heavy-retained-artifacts-2026-08-14.zip,f38ed4abddf438aa7e9c297244d3db88d35198eeba017c91cc46f646573a69c6,2e6137f9d3365c9ae7edef9c6e800cef451c6e48f6a336d34974e4e529ee627c,735776,Removed from Git history; restore from external archive if exact retained artifact is needed.
results/dsh_validation/phase1_ablations/raw/full_model/seed004.per_proposition.parquet,raw_or_per_proposition_output,tractatus-heavy-retained-artifacts-2026-08-14.zip,f38ed4abddf438aa7e9c297244d3db88d35198eeba017c91cc46f646573a69c6,8b712b841b46234b9cff104fb33523d2bebaef7c13734a4b36ce89136cbb02bf,733550,Removed from Git history; restore from external archive if exact retained artifact is needed.
results/dsh_validation/phase1_ablations/raw/full_model/seed005.per_proposition.parquet,raw_or_per_proposition_output,tractatus-heavy-retained-artifacts-2026-08-14.zip,f38ed4abddf438aa7e9c297244d3db88d35198eeba017c91cc46f646573a69c6,942bb687c6f3710c87a22d075e669fd9d8fc1372651b2bdda8250718c2788f53,735176,Removed from Git history; restore from external archive if exact retained artifact is needed.
results/dsh_validation/phase1_ablations/raw/full_model/seed001.per_proposition.parquet,raw_or_per_proposition_output,tractatus-heavy-retained-artifacts-2026-08-14.zip,f38ed4abddf438aa7e9c297244d3db88d35198eeba017c91cc46f646573a69c6,b65852d3e3434b37563df884a22a304e1add02900ba333fb2e2538c374e326d3,733987,Removed from Git history; restore from external archive if exact retained artifact is needed.
results/dsh_validation/phase1_ablations/raw/shuffled_no_successor/seed000.per_proposition.parquet,raw_or_per_proposition_output,tractatus-heavy-retained-artifacts-2026-08-14.zip,f38ed4abddf438aa7e9c297244d3db88d35198eeba017c91cc46f646573a69c6,57f755a1c46a6b686eefb964554cfa945cad9a9bfac425a497a66291fa796f6c,743961,Removed from Git history; restore from external archive if exact retained artifact is needed.
results/dsh_validation/phase1_ablations/raw/shuffled_no_successor/seed002.per_proposition.parquet,raw_or_per_proposition_output,tractatus-heavy-retained-artifacts-2026-08-14.zip,f38ed4abddf438aa7e9c297244d3db88d35198eeba017c91cc46f646573a69c6,e24f338f4e2dc55b2af37eec35a108c7d2068ad2e38f8340d1749972f4c61736,743826,Removed from Git history; restore from external archive if exact retained artifact is needed.
results/dsh_validation/phase1_ablations/raw/shuffled_no_successor/seed007.per_proposition.parquet,raw_or_per_proposition_output,tractatus-heavy-retained-artifacts-2026-08-14.zip,f38ed4abddf438aa7e9c297244d3db88d35198eeba017c91cc46f646573a69c6,ec5bfdff33e3f64bd20256906a7cc5d1c50c4fe3b90597b054fa22b36de4a2ea,743425,Removed from Git history; restore from external archive if exact retained artifact is needed.
results/dsh_validation/phase1_ablations/raw/shuffled_no_successor/seed008.per_proposition.parquet,raw_or_per_proposition_output,tractatus-heavy-retained-artifacts-2026-08-14.zip,f38ed4abddf438aa7e9c297244d3db88d35198eeba017c91cc46f646573a69c6,52deb31bbb6f7e05fd7f94138c23fcfb36c2ede0e8703e6e6fd5dd49c1845099,744600,Removed from Git history; restore from external archive if exact retained artifact is needed.
results/dsh_validation/phase1_ablations/raw/shuffled_no_successor/seed003.per_proposition.parquet,raw_or_per_proposition_output,tractatus-heavy-retained-artifacts-2026-08-14.zip,f38ed4abddf438aa7e9c297244d3db88d35198eeba017c91cc46f646573a69c6,9090a707e3fff2a5e478b88afcec789f86dd94bcb124415cd66d795eadfd56cf,744195,Removed from Git history; restore from external archive if exact retained artifact is needed.
results/dsh_validation/phase1_ablations/raw/shuffled_no_successor/seed006.per_proposition.parquet,raw_or_per_proposition_output,tractatus-heavy-retained-artifacts-2026-08-14.zip,f38ed4abddf438aa7e9c297244d3db88d35198eeba017c91cc46f646573a69c6,83b97dadcfe025adfc2231387c40011caf73c67da27e69c668791790aff8410b,743112,Removed from Git history; restore from external archive if exact retained artifact is needed.
results/dsh_validation/phase1_ablations/raw/shuffled_no_successor/seed009.per_proposition.parquet,raw_or_per_proposition_output,tractatus-heavy-retained-artifacts-2026-08-14.zip,f38ed4abddf438aa7e9c297244d3db88d35198eeba017c91cc46f646573a69c6,3c054e71497e62110d6bd346c2b4bc6f5cbbbdcd905cb22bf7bb1be462d338c6,744497,Removed from Git history; restore from external archive if exact retained artifact is needed.
results/dsh_validation/phase1_ablations/raw/shuffled_no_successor/seed004.per_proposition.parquet,raw_or_per_proposition_output,tractatus-heavy-retained-artifacts-2026-08-14.zip,f38ed4abddf438aa7e9c297244d3db88d35198eeba017c91cc46f646573a69c6,5f3771bf65276e8332645ba2e364574e8504dbba1c3fb4cb9f2f3bd257eaa1c5,742422,Removed from Git history; restore from external archive if exact retained artifact is needed.
results/dsh_validation/phase1_ablations/raw/shuffled_no_successor/seed005.per_proposition.parquet,raw_or_per_proposition_output,tractatus-heavy-retained-artifacts-2026-08-14.zip,f38ed4abddf438aa7e9c297244d3db88d35198eeba017c91cc46f646573a69c6,fa1e270414bcac6f8c97ce753531feedbc22335f6138ffd30b9b87a8d63308ad,744017,Removed from Git history; restore from external archive if exact retained artifact is needed.
results/dsh_validation/phase1_ablations/raw/shuffled_no_successor/seed001.per_proposition.parquet,raw_or_per_proposition_output,tractatus-heavy-retained-artifacts-2026-08-14.zip,f38ed4abddf438aa7e9c297244d3db88d35198eeba017c91cc46f646573a69c6,334adafab4ff596c9a12dd2d64e787ee69fa3eb4352543aa3431a090dd95108f,743295,Removed from Git history; restore from external archive if exact retained artifact is needed.
results/dsh_validation/phase1_ablations/raw/successor_only/seed000.per_proposition.parquet,raw_or_per_proposition_output,tractatus-heavy-retained-artifacts-2026-08-14.zip,f38ed4abddf438aa7e9c297244d3db88d35198eeba017c91cc46f646573a69c6,c0d7b82b11f16311c4065f7e8d8d208d2da6a6ebf516a3c05b6bb36fb21218c1,738591,Removed from Git history; restore from external archive if exact retained artifact is needed.
results/dsh_validation/phase1_ablations/raw/successor_only/seed002.per_proposition.parquet,raw_or_per_proposition_output,tractatus-heavy-retained-artifacts-2026-08-14.zip,f38ed4abddf438aa7e9c297244d3db88d35198eeba017c91cc46f646573a69c6,f09557053aab1ed733b0391835bce5f25149182045ad7f4a4b8bb25073608efc,738235,Removed from Git history; restore from external archive if exact retained artifact is needed.
results/dsh_validation/phase1_ablations/raw/successor_only/seed007.per_proposition.parquet,raw_or_per_proposition_output,tractatus-heavy-retained-artifacts-2026-08-14.zip,f38ed4abddf438aa7e9c297244d3db88d35198eeba017c91cc46f646573a69c6,7e5fe061127552ff59aede749babca5ade4de701142eb7a7cc1aeacd2d363c42,737187,Removed from Git history; restore from external archive if exact retained artifact is needed.
results/dsh_validation/phase1_ablations/raw/successor_only/seed008.per_proposition.parquet,raw_or_per_proposition_output,tractatus-heavy-retained-artifacts-2026-08-14.zip,f38ed4abddf438aa7e9c297244d3db88d35198eeba017c91cc46f646573a69c6,1156a6e81e642427302b999783d737dad80accd46e5189ebb23ff35611385f7f,738571,Removed from Git history; restore from external archive if exact retained artifact is needed.
results/dsh_validation/phase1_ablations/raw/successor_only/seed003.per_proposition.parquet,raw_or_per_proposition_output,tractatus-heavy-retained-artifacts-2026-08-14.zip,f38ed4abddf438aa7e9c297244d3db88d35198eeba017c91cc46f646573a69c6,9594f4f10805156d880b5e6c3dc83d31895ff79af9977a736b9e306917453c5a,738666,Removed from Git history; restore from external archive if exact retained artifact is needed.
results/dsh_validation/phase1_ablations/raw/successor_only/seed006.per_proposition.parquet,raw_or_per_proposition_output,tractatus-heavy-retained-artifacts-2026-08-14.zip,f38ed4abddf438aa7e9c297244d3db88d35198eeba017c91cc46f646573a69c6,db7277bf413f62e1c89df34b13a413db29277d9dce938c7beb1ddb3da4993b29,737827,Removed from Git history; restore from external archive if exact retained artifact is needed.
results/dsh_validation/phase1_ablations/raw/successor_only/seed009.per_proposition.parquet,raw_or_per_proposition_output,tractatus-heavy-retained-artifacts-2026-08-14.zip,f38ed4abddf438aa7e9c297244d3db88d35198eeba017c91cc46f646573a69c6,de0bf10017e0e416cc90e62bc09c05bf167f1cf843ea8ba0a011eeec77a94f25,738118,Removed from Git history; restore from external archive if exact retained artifact is needed.
results/dsh_validation/phase1_ablations/raw/successor_only/seed004.per_proposition.parquet,raw_or_per_proposition_output,tractatus-heavy-retained-artifacts-2026-08-14.zip,f38ed4abddf438aa7e9c297244d3db88d35198eeba017c91cc46f646573a69c6,647beeef0b1dfc2cba47a7c563e5a5a446d7d6fe5c8b891349c53085e31a3781,737127,Removed from Git history; restore from external archive if exact retained artifact is needed.
results/dsh_validation/phase1_ablations/raw/successor_only/seed005.per_proposition.parquet,raw_or_per_proposition_output,tractatus-heavy-retained-artifacts-2026-08-14.zip,f38ed4abddf438aa7e9c297244d3db88d35198eeba017c91cc46f646573a69c6,cb9ba4c9aa811c0d3ab606c610c03d11255b659dbf2b8f74e7ae960b5ea03655,737523,Removed from Git history; restore from external archive if exact retained artifact is needed.
results/dsh_validation/phase1_ablations/raw/successor_only/seed001.per_proposition.parquet,raw_or_per_proposition_output,tractatus-heavy-retained-artifacts-2026-08-14.zip,f38ed4abddf438aa7e9c297244d3db88d35198eeba017c91cc46f646573a69c6,c193ee51e8cb1f5d895b166a9e5d1c505a25c4e7288e5044abc63eeb96794be9,737195,Removed from Git history; restore from external archive if exact retained artifact is needed.
results/dsh_validation/phase1_ablations/raw/parent_depth_only/seed000.per_proposition.parquet,raw_or_per_proposition_output,tractatus-heavy-retained-artifacts-2026-08-14.zip,f38ed4abddf438aa7e9c297244d3db88d35198eeba017c91cc46f646573a69c6,4fa557f2779174f6a6925c868ca83b18c3bf50730d00c0f928801045e48aa868,741343,Removed from Git history; restore from external archive if exact retained artifact is needed.
results/dsh_validation/phase1_ablations/raw/parent_depth_only/seed002.per_proposition.parquet,raw_or_per_proposition_output,tractatus-heavy-retained-artifacts-2026-08-14.zip,f38ed4abddf438aa7e9c297244d3db88d35198eeba017c91cc46f646573a69c6,835747bac65511fc2ab4702c1193a1a7cc7d88cfbf1e479bdff2f74ac02462ef,741195,Removed from Git history; restore from external archive if exact retained artifact is needed.
results/dsh_validation/phase1_ablations/raw/parent_depth_only/seed007.per_proposition.parquet,raw_or_per_proposition_output,tractatus-heavy-retained-artifacts-2026-08-14.zip,f38ed4abddf438aa7e9c297244d3db88d35198eeba017c91cc46f646573a69c6,0f10d001aadf296f6eebeff14656cac44f6cca6fcff966030346c13acb49d390,741494,Removed from Git history; restore from external archive if exact retained artifact is needed.
results/dsh_validation/phase1_ablations/raw/parent_depth_only/seed008.per_proposition.parquet,raw_or_per_proposition_output,tractatus-heavy-retained-artifacts-2026-08-14.zip,f38ed4abddf438aa7e9c297244d3db88d35198eeba017c91cc46f646573a69c6,43e6449332f2902ac3808da9e23e881b38e610b6e4328142f0b86c0ead124b3f,741173,Removed from Git history; restore from external archive if exact retained artifact is needed.
results/dsh_validation/phase1_ablations/raw/parent_depth_only/seed003.per_proposition.parquet,raw_or_per_proposition_output,tractatus-heavy-retained-artifacts-2026-08-14.zip,f38ed4abddf438aa7e9c297244d3db88d35198eeba017c91cc46f646573a69c6,9a37b06aa490ff02f499aa1a7ff58ffa81e6442121be92c38de375ea20daac55,741276,Removed from Git history; restore from external archive if exact retained artifact is needed.
results/dsh_validation/phase1_ablations/raw/parent_depth_only/seed006.per_proposition.parquet,raw_or_per_proposition_output,tractatus-heavy-retained-artifacts-2026-08-14.zip,f38ed4abddf438aa7e9c297244d3db88d35198eeba017c91cc46f646573a69c6,56aaccfd373666b63c33341ab8f94e1f2b8c0aca5cd9ec4b7ca68431d7befb6f,741073,Removed from Git history; restore from external archive if exact retained artifact is needed.
results/dsh_validation/phase1_ablations/raw/parent_depth_only/seed009.per_proposition.parquet,raw_or_per_proposition_output,tractatus-heavy-retained-artifacts-2026-08-14.zip,f38ed4abddf438aa7e9c297244d3db88d35198eeba017c91cc46f646573a69c6,613c14a4f1994af1e9208911d9480a3a8a90cc46e089fc808c08416c6b721dd7,741970,Removed from Git history; restore from external archive if exact retained artifact is needed.
results/dsh_validation/phase1_ablations/raw/parent_depth_only/seed004.per_proposition.parquet,raw_or_per_proposition_output,tractatus-heavy-retained-artifacts-2026-08-14.zip,f38ed4abddf438aa7e9c297244d3db88d35198eeba017c91cc46f646573a69c6,6965bd3a8a5aa3b1aa75c266e3425774d0d1b17c937580bd759b1d1eaaf5ebeb,740300,Removed from Git history; restore from external archive if exact retained artifact is needed.
results/dsh_validation/phase1_ablations/raw/parent_depth_only/seed005.per_proposition.parquet,raw_or_per_proposition_output,tractatus-heavy-retained-artifacts-2026-08-14.zip,f38ed4abddf438aa7e9c297244d3db88d35198eeba017c91cc46f646573a69c6,399fb2a22cf76999ae6be335b4fdaa68fb97416e99a4b5d2d417d392884837e3,741314,Removed from Git history; restore from external archive if exact retained artifact is needed.
results/dsh_validation/phase1_ablations/raw/parent_depth_only/seed001.per_proposition.parquet,raw_or_per_proposition_output,tractatus-heavy-retained-artifacts-2026-08-14.zip,f38ed4abddf438aa7e9c297244d3db88d35198eeba017c91cc46f646573a69c6,477b8821ec40d20afc17b565c8df0eaef0cae07aba9b1ae2c8185f95bb27c894,742291,Removed from Git history; restore from external archive if exact retained artifact is needed.
results/dsh_validation/phase1_ablations/raw/shuffled_joint_targets/seed000.per_proposition.parquet,raw_or_per_proposition_output,tractatus-heavy-retained-artifacts-2026-08-14.zip,f38ed4abddf438aa7e9c297244d3db88d35198eeba017c91cc46f646573a69c6,c88559ceca98b5182960620033d4c1c81c72532505e8d071650cc1798310540a,744198,Removed from Git history; restore from external archive if exact retained artifact is needed.
results/dsh_validation/phase1_ablations/raw/shuffled_joint_targets/seed002.per_proposition.parquet,raw_or_per_proposition_output,tractatus-heavy-retained-artifacts-2026-08-14.zip,f38ed4abddf438aa7e9c297244d3db88d35198eeba017c91cc46f646573a69c6,6eeb86b1368285a382580974ba1c067181cebb2acd10a3b5d35efbd2c30e19b6,743286,Removed from Git history; restore from external archive if exact retained artifact is needed.
results/dsh_validation/phase1_ablations/raw/shuffled_joint_targets/seed007.per_proposition.parquet,raw_or_per_proposition_output,tractatus-heavy-retained-artifacts-2026-08-14.zip,f38ed4abddf438aa7e9c297244d3db88d35198eeba017c91cc46f646573a69c6,424fa1942c30175a4a8ac31e25eabfbcf5b5b444f19ae50664c00ca65be9f2ad,744382,Removed from Git history; restore from external archive if exact retained artifact is needed.
results/dsh_validation/phase1_ablations/raw/shuffled_joint_targets/seed008.per_proposition.parquet,raw_or_per_proposition_output,tractatus-heavy-retained-artifacts-2026-08-14.zip,f38ed4abddf438aa7e9c297244d3db88d35198eeba017c91cc46f646573a69c6,800e07785a5214c8282bec0f316e2314357f202bb95acfb93e3a9df0a2ae9bbc,744492,Removed from Git history; restore from external archive if exact retained artifact is needed.
results/dsh_validation/phase1_ablations/raw/shuffled_joint_targets/seed003.per_proposition.parquet,raw_or_per_proposition_output,tractatus-heavy-retained-artifacts-2026-08-14.zip,f38ed4abddf438aa7e9c297244d3db88d35198eeba017c91cc46f646573a69c6,d3ed0209f3908c65bf89cc28e9fba02f40b74b27704feccbb7a5297b7a7f1561,743383,Removed from Git history; restore from external archive if exact retained artifact is needed.
results/dsh_validation/phase1_ablations/raw/shuffled_joint_targets/seed006.per_proposition.parquet,raw_or_per_proposition_output,tractatus-heavy-retained-artifacts-2026-08-14.zip,f38ed4abddf438aa7e9c297244d3db88d35198eeba017c91cc46f646573a69c6,b9e2b26783f2af11964d6a5783d93abe038091e44dea0fd8cef4d8b7769129a0,743394,Removed from Git history; restore from external archive if exact retained artifact is needed.
results/dsh_validation/phase1_ablations/raw/shuffled_joint_targets/seed009.per_proposition.parquet,raw_or_per_proposition_output,tractatus-heavy-retained-artifacts-2026-08-14.zip,f38ed4abddf438aa7e9c297244d3db88d35198eeba017c91cc46f646573a69c6,1c04b996707820d8086e231614f7b5ab02dd529523faada31f4cde25ae9a5a92,744451,Removed from Git history; restore from external archive if exact retained artifact is needed.
results/dsh_validation/phase1_ablations/raw/shuffled_joint_targets/seed004.per_proposition.parquet,raw_or_per_proposition_output,tractatus-heavy-retained-artifacts-2026-08-14.zip,f38ed4abddf438aa7e9c297244d3db88d35198eeba017c91cc46f646573a69c6,2dbb49e6b138806c2acd3f5e846516d9878ab913f1f1e5caf6f8f4ba58fc4461,742980,Removed from Git history; restore from external archive if exact retained artifact is needed.
results/dsh_validation/phase1_ablations/raw/shuffled_joint_targets/seed005.per_proposition.parquet,raw_or_per_proposition_output,tractatus-heavy-retained-artifacts-2026-08-14.zip,f38ed4abddf438aa7e9c297244d3db88d35198eeba017c91cc46f646573a69c6,2b9a4a1551cd657001280202700487296dd6ee49403d0dbf5cf144add6259464,743485,Removed from Git history; restore from external archive if exact retained artifact is needed.
results/dsh_validation/phase1_ablations/raw/shuffled_joint_targets/seed001.per_proposition.parquet,raw_or_per_proposition_output,tractatus-heavy-retained-artifacts-2026-08-14.zip,f38ed4abddf438aa7e9c297244d3db88d35198eeba017c91cc46f646573a69c6,7975a77b56f74826cf2e362930bd9434dded5240cc49d16c2e47fc69f1171d77,744656,Removed from Git history; restore from external archive if exact retained artifact is needed.
results/dsh_validation/phase1_ablations/raw/reconstruction_only/seed000.per_proposition.parquet,raw_or_per_proposition_output,tractatus-heavy-retained-artifacts-2026-08-14.zip,f38ed4abddf438aa7e9c297244d3db88d35198eeba017c91cc46f646573a69c6,a7fe72fe0373c8b7c47aa3914a79b45e76fc29db1989f67e4743fde7797fd1a7,748134,Removed from Git history; restore from external archive if exact retained artifact is needed.
results/dsh_validation/phase1_ablations/raw/reconstruction_only/seed002.per_proposition.parquet,raw_or_per_proposition_output,tractatus-heavy-retained-artifacts-2026-08-14.zip,f38ed4abddf438aa7e9c297244d3db88d35198eeba017c91cc46f646573a69c6,33773735a69647381f96234112b43f4ee45660e204cb63dd853fdf4f4a801d86,746456,Removed from Git history; restore from external archive if exact retained artifact is needed.
results/dsh_validation/phase1_ablations/raw/reconstruction_only/seed007.per_proposition.parquet,raw_or_per_proposition_output,tractatus-heavy-retained-artifacts-2026-08-14.zip,f38ed4abddf438aa7e9c297244d3db88d35198eeba017c91cc46f646573a69c6,2134666fb951636d5028c08a89a6bead306c77564f3351e3741a08a6d677b6b8,747354,Removed from Git history; restore from external archive if exact retained artifact is needed.
results/dsh_validation/phase1_ablations/raw/reconstruction_only/seed008.per_proposition.parquet,raw_or_per_proposition_output,tractatus-heavy-retained-artifacts-2026-08-14.zip,f38ed4abddf438aa7e9c297244d3db88d35198eeba017c91cc46f646573a69c6,3a5fe3b40283ea0ec8562429b9190615800885240c93324283cd7a65f888613f,747584,Removed from Git history; restore from external archive if exact retained artifact is needed.
results/dsh_validation/phase1_ablations/raw/reconstruction_only/seed003.per_proposition.parquet,raw_or_per_proposition_output,tractatus-heavy-retained-artifacts-2026-08-14.zip,f38ed4abddf438aa7e9c297244d3db88d35198eeba017c91cc46f646573a69c6,a60a77f932d8db2f88d45a5a97f5ff50fc97d3c993a0bc458600501e60b272c1,747697,Removed from Git history; restore from external archive if exact retained artifact is needed.
results/dsh_validation/phase1_ablations/raw/reconstruction_only/seed006.per_proposition.parquet,raw_or_per_proposition_output,tractatus-heavy-retained-artifacts-2026-08-14.zip,f38ed4abddf438aa7e9c297244d3db88d35198eeba017c91cc46f646573a69c6,9b8fe1ab6fada8e6243222d3b3aaee7042fe8057693524f1212de20090166ab8,747777,Removed from Git history; restore from external archive if exact retained artifact is needed.
results/dsh_validation/phase1_ablations/raw/reconstruction_only/seed009.per_proposition.parquet,raw_or_per_proposition_output,tractatus-heavy-retained-artifacts-2026-08-14.zip,f38ed4abddf438aa7e9c297244d3db88d35198eeba017c91cc46f646573a69c6,667c7488b124431723ea90609babe8382c62f7f7f5c9b9c99e7c3fde3b833c39,746608,Removed from Git history; restore from external archive if exact retained artifact is needed.
results/dsh_validation/phase1_ablations/raw/reconstruction_only/seed004.per_proposition.parquet,raw_or_per_proposition_output,tractatus-heavy-retained-artifacts-2026-08-14.zip,f38ed4abddf438aa7e9c297244d3db88d35198eeba017c91cc46f646573a69c6,5b3237ad3f4f890111bcc148c040dd772fc8c7a8f9a57a0aba95a167b4062395,746269,Removed from Git history; restore from external archive if exact retained artifact is needed.
results/dsh_validation/phase1_ablations/raw/reconstruction_only/seed005.per_proposition.parquet,raw_or_per_proposition_output,tractatus-heavy-retained-artifacts-2026-08-14.zip,f38ed4abddf438aa7e9c297244d3db88d35198eeba017c91cc46f646573a69c6,74c249e02e465c2c8787dd7237e0dc07b9c8a1e02d2e5b7bbbc34cf45d9b9064,749259,Removed from Git history; restore from external archive if exact retained artifact is needed.
results/dsh_validation/phase1_ablations/raw/reconstruction_only/seed001.per_proposition.parquet,raw_or_per_proposition_output,tractatus-heavy-retained-artifacts-2026-08-14.zip,f38ed4abddf438aa7e9c297244d3db88d35198eeba017c91cc46f646573a69c6,08e83447fa89ec2f4195cfce731bab269b912a4a802f0cbd68e5fb44c4cb896c,747937,Removed from Git history; restore from external archive if exact retained artifact is needed.
results/dsh_validation/phase1_ablations/smoke/phase1_per_proposition_results.parquet,raw_or_per_proposition_output,tractatus-heavy-retained-artifacts-2026-08-14.zip,f38ed4abddf438aa7e9c297244d3db88d35198eeba017c91cc46f646573a69c6,a95ab75d915131e6d76f6d48d30796ec5139289dff67f41a6cb3c26b9ef9581b,833022,Removed from Git history; restore from external archive if exact retained artifact is needed.
results/dsh_validation/phase1_ablations/smoke/per_seed/full_model/seed000.metrics.json,smoke_output,tractatus-heavy-retained-artifacts-2026-08-14.zip,f38ed4abddf438aa7e9c297244d3db88d35198eeba017c91cc46f646573a69c6,79c49e74199dd2247031dbfe55cff1a22ecc9840eb90dd36b97714f458d63a4a,5495,Removed from Git history; restore from external archive if exact retained artifact is needed.
results/dsh_validation/phase1_ablations/smoke/per_seed/shuffled_joint_targets/seed000.metrics.json,smoke_output,tractatus-heavy-retained-artifacts-2026-08-14.zip,f38ed4abddf438aa7e9c297244d3db88d35198eeba017c91cc46f646573a69c6,945d24e4d1ad0dab1e8777ca98f418ad42212cf5f206afab293498be1d84def8,5511,Removed from Git history; restore from external archive if exact retained artifact is needed.
results/dsh_validation/phase1_ablations/smoke/raw/full_model/seed000.per_proposition.parquet,raw_or_per_proposition_output,tractatus-heavy-retained-artifacts-2026-08-14.zip,f38ed4abddf438aa7e9c297244d3db88d35198eeba017c91cc46f646573a69c6,88a8a21231580d7664c79c1b58a1fc90f04c7fe9f79c9480144b12db379ba485,452857,Removed from Git history; restore from external archive if exact retained artifact is needed.
results/dsh_validation/phase1_ablations/smoke/raw/shuffled_joint_targets/seed000.per_proposition.parquet,raw_or_per_proposition_output,tractatus-heavy-retained-artifacts-2026-08-14.zip,f38ed4abddf438aa7e9c297244d3db88d35198eeba017c91cc46f646573a69c6,eca8a011bc6ffe119d8b88c90c0e5eba3ef73243123587581e7a99419c5962fb,452830,Removed from Git history; restore from external archive if exact retained artifact is needed.
results/dsh_validation/phase1_ablations/smoke/phase1_commands.sh,smoke_output,tractatus-heavy-retained-artifacts-2026-08-14.zip,f38ed4abddf438aa7e9c297244d3db88d35198eeba017c91cc46f646573a69c6,ad0d664f20499511639f1acd37ccba5f8da2200389c26473a949897959937bef,2641,Removed from Git history; restore from external archive if exact retained artifact is needed.
results/dsh_validation/phase1_ablations/smoke/phase1_seed_level_results.csv,smoke_output,tractatus-heavy-retained-artifacts-2026-08-14.zip,f38ed4abddf438aa7e9c297244d3db88d35198eeba017c91cc46f646573a69c6,38cc981d98268457f3b857555cb326446f656f1660c02e93853fc9ae747baaad,6873,Removed from Git history; restore from external archive if exact retained artifact is needed.
results/dsh_validation/phase1_ablations/smoke/phase1_ablation_summary.csv,smoke_output,tractatus-heavy-retained-artifacts-2026-08-14.zip,f38ed4abddf438aa7e9c297244d3db88d35198eeba017c91cc46f646573a69c6,e8cfd9e36a3ec8c33ccc7d098b993fde1633091bfe07eef13e0dcc2fa6933181,21841,Removed from Git history; restore from external archive if exact retained artifact is needed.
results/dsh_validation/phase1_ablations/smoke/phase1_paired_differences.csv,smoke_output,tractatus-heavy-retained-artifacts-2026-08-14.zip,f38ed4abddf438aa7e9c297244d3db88d35198eeba017c91cc46f646573a69c6,97c5b14462dc18c79dc9f4b0f08312419d0acf69fa8602a01de7266bf01d4aa8,793,Removed from Git history; restore from external archive if exact retained artifact is needed.
results/dsh_validation/phase1_ablations/smoke/phase1_verification_report.md,smoke_output,tractatus-heavy-retained-artifacts-2026-08-14.zip,f38ed4abddf438aa7e9c297244d3db88d35198eeba017c91cc46f646573a69c6,269f9d557dfd86482907a98e276623679b9ca3b73c04ab701ccac0b1ba20c99d,1074,Removed from Git history; restore from external archive if exact retained artifact is needed.
results/dsh_validation/phase1_ablations/smoke/phase1_ablation_report.md,smoke_output,tractatus-heavy-retained-artifacts-2026-08-14.zip,f38ed4abddf438aa7e9c297244d3db88d35198eeba017c91cc46f646573a69c6,e98ad4fcea67b0c379ecbe8c13824b223d5ddd7fc92f675fe3d9a28dafe7fe79,3571,Removed from Git history; restore from external archive if exact retained artifact is needed.
results/dsh_validation/phase1_ablations/smoke/figures/structure_sibling_vs_unrelated_contrast.png,smoke_output,tractatus-heavy-retained-artifacts-2026-08-14.zip,f38ed4abddf438aa7e9c297244d3db88d35198eeba017c91cc46f646573a69c6,677b539e7ff5901d21cc5a24643f696fad106b69fa5fcba9ab38f77b1de8e509,236054,Removed from Git history; restore from external archive if exact retained artifact is needed.
results/dsh_validation/phase1_ablations/smoke/figures/structure_cross_language_top1.png,smoke_output,tractatus-heavy-retained-artifacts-2026-08-14.zip,f38ed4abddf438aa7e9c297244d3db88d35198eeba017c91cc46f646573a69c6,5d8d97d0b573a3c123ec79311dcb444af2c8e954a000017cfb34db5f10270318,239702,Removed from Git history; restore from external archive if exact retained artifact is needed.
results/dsh_validation/phase1_ablations/smoke/figures/structure_wider_neighbourhood_jaccard_k10.png,smoke_output,tractatus-heavy-retained-artifacts-2026-08-14.zip,f38ed4abddf438aa7e9c297244d3db88d35198eeba017c91cc46f646573a69c6,4ff555f1634f93c8ecff5ef31bf2731d3968554e2050b17343f06373377a9b93,232535,Removed from Git history; restore from external archive if exact retained artifact is needed.
results/dsh_validation/phase1_ablations/smoke/figures/text_cross_language_top1.png,smoke_output,tractatus-heavy-retained-artifacts-2026-08-14.zip,f38ed4abddf438aa7e9c297244d3db88d35198eeba017c91cc46f646573a69c6,fc2c91be559acb2f354ed5af390ee9e0593845f09343f4a57d118cbbe107fb6c,233573,Removed from Git history; restore from external archive if exact retained artifact is needed.
results/dsh_validation/phase1_ablations/smoke/checkpoints/full_model/seed000.pt,model_checkpoint,tractatus-heavy-retained-artifacts-2026-08-14.zip,f38ed4abddf438aa7e9c297244d3db88d35198eeba017c91cc46f646573a69c6,f2ca4a323f8cfea9c86fd81a1826066bb1b246af9786b00d0fa9e384afa89d91,7480832,Removed from Git history; restore from external archive if exact retained artifact is needed.
results/dsh_validation/phase1_ablations/smoke/checkpoints/full_model/seed000.vocab.json,model_checkpoint,tractatus-heavy-retained-artifacts-2026-08-14.zip,f38ed4abddf438aa7e9c297244d3db88d35198eeba017c91cc46f646573a69c6,78888d26667b893a581f4e01126f47d7eaacf91c1de795c5b871ce2e57655c72,74991,Removed from Git history; restore from external archive if exact retained artifact is needed.
results/dsh_validation/phase1_ablations/smoke/checkpoints/shuffled_joint_targets/seed000.pt,model_checkpoint,tractatus-heavy-retained-artifacts-2026-08-14.zip,f38ed4abddf438aa7e9c297244d3db88d35198eeba017c91cc46f646573a69c6,c6dad25227ae8db0887c6a838d2eb1a6a63fb11da80e96e8fdbaf77543d95ba3,7480832,Removed from Git history; restore from external archive if exact retained artifact is needed.
results/dsh_validation/phase1_ablations/smoke/checkpoints/shuffled_joint_targets/seed000.vocab.json,model_checkpoint,tractatus-heavy-retained-artifacts-2026-08-14.zip,f38ed4abddf438aa7e9c297244d3db88d35198eeba017c91cc46f646573a69c6,78888d26667b893a581f4e01126f47d7eaacf91c1de795c5b871ce2e57655c72,74991,Removed from Git history; restore from external archive if exact retained artifact is needed.
results/dsh_validation/phase1_ablations/smoke/logs/full_model/seed001.train.log,smoke_output,tractatus-heavy-retained-artifacts-2026-08-14.zip,f38ed4abddf438aa7e9c297244d3db88d35198eeba017c91cc46f646573a69c6,841f721a20e63dbab199d4d4e85ee1d131ac8c4a900dab1cbf1476fe0fbf9746,463,Removed from Git history; restore from external archive if exact retained artifact is needed.
results/dsh_validation/phase1_ablations/smoke/logs/full_model/seed000.train.log,smoke_output,tractatus-heavy-retained-artifacts-2026-08-14.zip,f38ed4abddf438aa7e9c297244d3db88d35198eeba017c91cc46f646573a69c6,a752b3446d3467564a19256e4decd4d38074c5a63c8eaf301d8b37eb3af5e258,222,Removed from Git history; restore from external archive if exact retained artifact is needed.
results/dsh_validation/phase1_ablations/smoke/logs/shuffled_joint_targets/seed000.train.log,smoke_output,tractatus-heavy-retained-artifacts-2026-08-14.zip,f38ed4abddf438aa7e9c297244d3db88d35198eeba017c91cc46f646573a69c6,6f0d6d4a9abf789c69545be12ed59a88efdb37a3e398cd66d179aebb58020399,234,Removed from Git history; restore from external archive if exact retained artifact is needed.
results/dsh_validation/phase1_ablations/smoke/configs/shuffled_joint_targets.json,smoke_output,tractatus-heavy-retained-artifacts-2026-08-14.zip,f38ed4abddf438aa7e9c297244d3db88d35198eeba017c91cc46f646573a69c6,60476894d22805a41f4d29f2722a09718b48597b5ca766313c6f8d6b476e979c,778,Removed from Git history; restore from external archive if exact retained artifact is needed.
results/dsh_validation/phase1_ablations/smoke/configs/full_model.json,smoke_output,tractatus-heavy-retained-artifacts-2026-08-14.zip,f38ed4abddf438aa7e9c297244d3db88d35198eeba017c91cc46f646573a69c6,f78e487bc6a7814f24b907c0ce59f0107e2a02f67904fc830b9167eda6eecfbb,703,Removed from Git history; restore from external archive if exact retained artifact is needed.
results/dsh_validation/phase1_ablations/smoke/phase1_config_manifest.json,smoke_output,tractatus-heavy-retained-artifacts-2026-08-14.zip,f38ed4abddf438aa7e9c297244d3db88d35198eeba017c91cc46f646573a69c6,d79a4be917c135e455235dcd9b410a11bb9e14eec9787ddced116d18e1f0f545,14032,Removed from Git history; restore from external archive if exact retained artifact is needed.
results/dsh_validation/phase1_ablations/smoke/phase1_protected_hashes_before.json,smoke_output,tractatus-heavy-retained-artifacts-2026-08-14.zip,f38ed4abddf438aa7e9c297244d3db88d35198eeba017c91cc46f646573a69c6,e191ff8744e1239cb591c119aeae945c54d74a64caec4767c0d72339f06527f1,313,Removed from Git history; restore from external archive if exact retained artifact is needed.
results/dsh_validation/phase1_ablations/checkpoints/no_successor/seed006.vocab.json,model_checkpoint,tractatus-heavy-retained-artifacts-2026-08-14.zip,f38ed4abddf438aa7e9c297244d3db88d35198eeba017c91cc46f646573a69c6,78888d26667b893a581f4e01126f47d7eaacf91c1de795c5b871ce2e57655c72,74991,Removed from Git history; restore from external archive if exact retained artifact is needed.
results/dsh_validation/phase1_ablations/checkpoints/no_successor/seed007.vocab.json,model_checkpoint,tractatus-heavy-retained-artifacts-2026-08-14.zip,f38ed4abddf438aa7e9c297244d3db88d35198eeba017c91cc46f646573a69c6,78888d26667b893a581f4e01126f47d7eaacf91c1de795c5b871ce2e57655c72,74991,Removed from Git history; restore from external archive if exact retained artifact is needed.
results/dsh_validation/phase1_ablations/checkpoints/no_successor/seed009.pt,model_checkpoint,tractatus-heavy-retained-artifacts-2026-08-14.zip,f38ed4abddf438aa7e9c297244d3db88d35198eeba017c91cc46f646573a69c6,75d6724be40af9b6c53269b2ecff95f144878ac32b83de8d925feabc35e578f1,7479326,Removed from Git history; restore from external archive if exact retained artifact is needed.
results/dsh_validation/phase1_ablations/checkpoints/no_successor/seed002.pt,model_checkpoint,tractatus-heavy-retained-artifacts-2026-08-14.zip,f38ed4abddf438aa7e9c297244d3db88d35198eeba017c91cc46f646573a69c6,96a65330ecd8909659ff008701f051b3f1eb5c2f2cd00af6a1d7fa2cfb06427d,7480832,Removed from Git history; restore from external archive if exact retained artifact is needed.
results/dsh_validation/phase1_ablations/checkpoints/no_successor/seed008.pt,model_checkpoint,tractatus-heavy-retained-artifacts-2026-08-14.zip,f38ed4abddf438aa7e9c297244d3db88d35198eeba017c91cc46f646573a69c6,8b203bb5548c5e5e8f793f6dba46fca4c449a2bd196277d68344caf44cd54f05,7479326,Removed from Git history; restore from external archive if exact retained artifact is needed.
results/dsh_validation/phase1_ablations/checkpoints/no_successor/seed001.pt,model_checkpoint,tractatus-heavy-retained-artifacts-2026-08-14.zip,f38ed4abddf438aa7e9c297244d3db88d35198eeba017c91cc46f646573a69c6,ae4e44bdb835fea220e731e9259ecec9d6307daecff4d7c821b9522c6cb04b50,7479326,Removed from Git history; restore from external archive if exact retained artifact is needed.
results/dsh_validation/phase1_ablations/checkpoints/no_successor/seed000.pt,model_checkpoint,tractatus-heavy-retained-artifacts-2026-08-14.zip,f38ed4abddf438aa7e9c297244d3db88d35198eeba017c91cc46f646573a69c6,e4bf9d944fca8c8d9fc524e10f8c1d5e2f6490427ceed43925aab76e60f5395b,7479326,Removed from Git history; restore from external archive if exact retained artifact is needed.
results/dsh_validation/phase1_ablations/checkpoints/no_successor/seed003.pt,model_checkpoint,tractatus-heavy-retained-artifacts-2026-08-14.zip,f38ed4abddf438aa7e9c297244d3db88d35198eeba017c91cc46f646573a69c6,ca48c84532152335395a6e50f7b181fb00eeef4bffa05395cb97ac895a4a81e0,7479326,Removed from Git history; restore from external archive if exact retained artifact is needed.
results/dsh_validation/phase1_ablations/checkpoints/no_successor/seed003.vocab.json,model_checkpoint,tractatus-heavy-retained-artifacts-2026-08-14.zip,f38ed4abddf438aa7e9c297244d3db88d35198eeba017c91cc46f646573a69c6,78888d26667b893a581f4e01126f47d7eaacf91c1de795c5b871ce2e57655c72,74991,Removed from Git history; restore from external archive if exact retained artifact is needed.
results/dsh_validation/phase1_ablations/checkpoints/no_successor/seed006.pt,model_checkpoint,tractatus-heavy-retained-artifacts-2026-08-14.zip,f38ed4abddf438aa7e9c297244d3db88d35198eeba017c91cc46f646573a69c6,39511dc3b14ffdbefddf9501fa3b26f35969c9f49b0c24aae6d25cb4524c37e9,7480832,Removed from Git history; restore from external archive if exact retained artifact is needed.
results/dsh_validation/phase1_ablations/checkpoints/no_successor/seed008.vocab.json,model_checkpoint,tractatus-heavy-retained-artifacts-2026-08-14.zip,f38ed4abddf438aa7e9c297244d3db88d35198eeba017c91cc46f646573a69c6,78888d26667b893a581f4e01126f47d7eaacf91c1de795c5b871ce2e57655c72,74991,Removed from Git history; restore from external archive if exact retained artifact is needed.
results/dsh_validation/phase1_ablations/checkpoints/no_successor/seed002.vocab.json,model_checkpoint,tractatus-heavy-retained-artifacts-2026-08-14.zip,f38ed4abddf438aa7e9c297244d3db88d35198eeba017c91cc46f646573a69c6,78888d26667b893a581f4e01126f47d7eaacf91c1de795c5b871ce2e57655c72,74991,Removed from Git history; restore from external archive if exact retained artifact is needed.
results/dsh_validation/phase1_ablations/checkpoints/no_successor/seed005.pt,model_checkpoint,tractatus-heavy-retained-artifacts-2026-08-14.zip,f38ed4abddf438aa7e9c297244d3db88d35198eeba017c91cc46f646573a69c6,795dfa0f8b264b16fb46087e89a7b3e973f859e7fc4dbd14e24b28894e1ec2c3,7479326,Removed from Git history; restore from external archive if exact retained artifact is needed.
results/dsh_validation/phase1_ablations/checkpoints/no_successor/seed009.vocab.json,model_checkpoint,tractatus-heavy-retained-artifacts-2026-08-14.zip,f38ed4abddf438aa7e9c297244d3db88d35198eeba017c91cc46f646573a69c6,78888d26667b893a581f4e01126f47d7eaacf91c1de795c5b871ce2e57655c72,74991,Removed from Git history; restore from external archive if exact retained artifact is needed.
results/dsh_validation/phase1_ablations/checkpoints/no_successor/seed001.vocab.json,model_checkpoint,tractatus-heavy-retained-artifacts-2026-08-14.zip,f38ed4abddf438aa7e9c297244d3db88d35198eeba017c91cc46f646573a69c6,78888d26667b893a581f4e01126f47d7eaacf91c1de795c5b871ce2e57655c72,74991,Removed from Git history; restore from external archive if exact retained artifact is needed.
results/dsh_validation/phase1_ablations/checkpoints/no_successor/seed005.vocab.json,model_checkpoint,tractatus-heavy-retained-artifacts-2026-08-14.zip,f38ed4abddf438aa7e9c297244d3db88d35198eeba017c91cc46f646573a69c6,78888d26667b893a581f4e01126f47d7eaacf91c1de795c5b871ce2e57655c72,74991,Removed from Git history; restore from external archive if exact retained artifact is needed.
results/dsh_validation/phase1_ablations/checkpoints/no_successor/seed004.pt,model_checkpoint,tractatus-heavy-retained-artifacts-2026-08-14.zip,f38ed4abddf438aa7e9c297244d3db88d35198eeba017c91cc46f646573a69c6,4f21467ba2f118a3b49bacbf4a1c6f64d8fde1a15ba1611f3e4c398271aae0ba,7479326,Removed from Git history; restore from external archive if exact retained artifact is needed.
results/dsh_validation/phase1_ablations/checkpoints/no_successor/seed007.pt,model_checkpoint,tractatus-heavy-retained-artifacts-2026-08-14.zip,f38ed4abddf438aa7e9c297244d3db88d35198eeba017c91cc46f646573a69c6,f74339a9972563f830dae0cf7d84a386f8fbfd2041321650c756a7c73f54b82e,7479326,Removed from Git history; restore from external archive if exact retained artifact is needed.
results/dsh_validation/phase1_ablations/checkpoints/no_successor/seed004.vocab.json,model_checkpoint,tractatus-heavy-retained-artifacts-2026-08-14.zip,f38ed4abddf438aa7e9c297244d3db88d35198eeba017c91cc46f646573a69c6,78888d26667b893a581f4e01126f47d7eaacf91c1de795c5b871ce2e57655c72,74991,Removed from Git history; restore from external archive if exact retained artifact is needed.
results/dsh_validation/phase1_ablations/checkpoints/no_successor/seed000.vocab.json,model_checkpoint,tractatus-heavy-retained-artifacts-2026-08-14.zip,f38ed4abddf438aa7e9c297244d3db88d35198eeba017c91cc46f646573a69c6,78888d26667b893a581f4e01126f47d7eaacf91c1de795c5b871ce2e57655c72,74991,Removed from Git history; restore from external archive if exact retained artifact is needed.
results/dsh_validation/phase1_ablations/checkpoints/full_model/seed006.vocab.json,model_checkpoint,tractatus-heavy-retained-artifacts-2026-08-14.zip,f38ed4abddf438aa7e9c297244d3db88d35198eeba017c91cc46f646573a69c6,78888d26667b893a581f4e01126f47d7eaacf91c1de795c5b871ce2e57655c72,74991,Removed from Git history; restore from external archive if exact retained artifact is needed.
results/dsh_validation/phase1_ablations/checkpoints/full_model/seed007.vocab.json,model_checkpoint,tractatus-heavy-retained-artifacts-2026-08-14.zip,f38ed4abddf438aa7e9c297244d3db88d35198eeba017c91cc46f646573a69c6,78888d26667b893a581f4e01126f47d7eaacf91c1de795c5b871ce2e57655c72,74991,Removed from Git history; restore from external archive if exact retained artifact is needed.
results/dsh_validation/phase1_ablations/checkpoints/full_model/seed009.pt,model_checkpoint,tractatus-heavy-retained-artifacts-2026-08-14.zip,f38ed4abddf438aa7e9c297244d3db88d35198eeba017c91cc46f646573a69c6,a67e5798b7fd73d49e5a3b421e6c7fa7e28b231e920f733b012e1a60e09df9dc,7479326,Removed from Git history; restore from external archive if exact retained artifact is needed.
results/dsh_validation/phase1_ablations/checkpoints/full_model/seed002.pt,model_checkpoint,tractatus-heavy-retained-artifacts-2026-08-14.zip,f38ed4abddf438aa7e9c297244d3db88d35198eeba017c91cc46f646573a69c6,8579eb42dfad1fa6d9217d391382b200baaa4f230f73e81399d7ff3e458dd4a0,7480832,Removed from Git history; restore from external archive if exact retained artifact is needed.
results/dsh_validation/phase1_ablations/checkpoints/full_model/seed008.pt,model_checkpoint,tractatus-heavy-retained-artifacts-2026-08-14.zip,f38ed4abddf438aa7e9c297244d3db88d35198eeba017c91cc46f646573a69c6,d03c8bb1fd35d73257ac65c8647636f7fd6e02c69ddc77b2e26c53f8df585c26,7479326,Removed from Git history; restore from external archive if exact retained artifact is needed.
results/dsh_validation/phase1_ablations/checkpoints/full_model/seed001.pt,model_checkpoint,tractatus-heavy-retained-artifacts-2026-08-14.zip,f38ed4abddf438aa7e9c297244d3db88d35198eeba017c91cc46f646573a69c6,ed66094e5011d77633f93de006916f7d156ca442aac7a38db94f109fa80ae5b4,7479326,Removed from Git history; restore from external archive if exact retained artifact is needed.
results/dsh_validation/phase1_ablations/checkpoints/full_model/seed000.pt,model_checkpoint,tractatus-heavy-retained-artifacts-2026-08-14.zip,f38ed4abddf438aa7e9c297244d3db88d35198eeba017c91cc46f646573a69c6,9d9e8d5d63cb705485b8533a39f4fcd0738c1267e4e9f3c752e7ce776a89a1a1,7480832,Removed from Git history; restore from external archive if exact retained artifact is needed.
results/dsh_validation/phase1_ablations/checkpoints/full_model/seed003.pt,model_checkpoint,tractatus-heavy-retained-artifacts-2026-08-14.zip,f38ed4abddf438aa7e9c297244d3db88d35198eeba017c91cc46f646573a69c6,fbf8c86e1d111fba928638a62c69cf522b7adc3047799e642bbc80f9b9612406,7479326,Removed from Git history; restore from external archive if exact retained artifact is needed.
results/dsh_validation/phase1_ablations/checkpoints/full_model/seed003.vocab.json,model_checkpoint,tractatus-heavy-retained-artifacts-2026-08-14.zip,f38ed4abddf438aa7e9c297244d3db88d35198eeba017c91cc46f646573a69c6,78888d26667b893a581f4e01126f47d7eaacf91c1de795c5b871ce2e57655c72,74991,Removed from Git history; restore from external archive if exact retained artifact is needed.
results/dsh_validation/phase1_ablations/checkpoints/full_model/seed006.pt,model_checkpoint,tractatus-heavy-retained-artifacts-2026-08-14.zip,f38ed4abddf438aa7e9c297244d3db88d35198eeba017c91cc46f646573a69c6,7bdab0835b96275613498aa4efc9888b1a98fd6ba97a881fc778b9735a01c2fd,7480832,Removed from Git history; restore from external archive if exact retained artifact is needed.
results/dsh_validation/phase1_ablations/checkpoints/full_model/seed008.vocab.json,model_checkpoint,tractatus-heavy-retained-artifacts-2026-08-14.zip,f38ed4abddf438aa7e9c297244d3db88d35198eeba017c91cc46f646573a69c6,78888d26667b893a581f4e01126f47d7eaacf91c1de795c5b871ce2e57655c72,74991,Removed from Git history; restore from external archive if exact retained artifact is needed.
results/dsh_validation/phase1_ablations/checkpoints/full_model/seed002.vocab.json,model_checkpoint,tractatus-heavy-retained-artifacts-2026-08-14.zip,f38ed4abddf438aa7e9c297244d3db88d35198eeba017c91cc46f646573a69c6,78888d26667b893a581f4e01126f47d7eaacf91c1de795c5b871ce2e57655c72,74991,Removed from Git history; restore from external archive if exact retained artifact is needed.
results/dsh_validation/phase1_ablations/checkpoints/full_model/seed005.pt,model_checkpoint,tractatus-heavy-retained-artifacts-2026-08-14.zip,f38ed4abddf438aa7e9c297244d3db88d35198eeba017c91cc46f646573a69c6,69adc85598f4a412a03866622789260e810ba3e71af9f37d6f2e545e2b065001,7479326,Removed from Git history; restore from external archive if exact retained artifact is needed.
results/dsh_validation/phase1_ablations/checkpoints/full_model/seed009.vocab.json,model_checkpoint,tractatus-heavy-retained-artifacts-2026-08-14.zip,f38ed4abddf438aa7e9c297244d3db88d35198eeba017c91cc46f646573a69c6,78888d26667b893a581f4e01126f47d7eaacf91c1de795c5b871ce2e57655c72,74991,Removed from Git history; restore from external archive if exact retained artifact is needed.
results/dsh_validation/phase1_ablations/checkpoints/full_model/seed001.vocab.json,model_checkpoint,tractatus-heavy-retained-artifacts-2026-08-14.zip,f38ed4abddf438aa7e9c297244d3db88d35198eeba017c91cc46f646573a69c6,78888d26667b893a581f4e01126f47d7eaacf91c1de795c5b871ce2e57655c72,74991,Removed from Git history; restore from external archive if exact retained artifact is needed.
results/dsh_validation/phase1_ablations/checkpoints/full_model/seed005.vocab.json,model_checkpoint,tractatus-heavy-retained-artifacts-2026-08-14.zip,f38ed4abddf438aa7e9c297244d3db88d35198eeba017c91cc46f646573a69c6,78888d26667b893a581f4e01126f47d7eaacf91c1de795c5b871ce2e57655c72,74991,Removed from Git history; restore from external archive if exact retained artifact is needed.
results/dsh_validation/phase1_ablations/checkpoints/full_model/seed004.pt,model_checkpoint,tractatus-heavy-retained-artifacts-2026-08-14.zip,f38ed4abddf438aa7e9c297244d3db88d35198eeba017c91cc46f646573a69c6,03576bb2936cf26a7ecdcd77f1e09ad076551a90ea39951789c8104087c4a939,7479326,Removed from Git history; restore from external archive if exact retained artifact is needed.
results/dsh_validation/phase1_ablations/checkpoints/full_model/seed007.pt,model_checkpoint,tractatus-heavy-retained-artifacts-2026-08-14.zip,f38ed4abddf438aa7e9c297244d3db88d35198eeba017c91cc46f646573a69c6,b20e113047ccaac5898df78397607a06d173db5c701594f04f03b54c06014f41,7479326,Removed from Git history; restore from external archive if exact retained artifact is needed.
results/dsh_validation/phase1_ablations/checkpoints/full_model/seed004.vocab.json,model_checkpoint,tractatus-heavy-retained-artifacts-2026-08-14.zip,f38ed4abddf438aa7e9c297244d3db88d35198eeba017c91cc46f646573a69c6,78888d26667b893a581f4e01126f47d7eaacf91c1de795c5b871ce2e57655c72,74991,Removed from Git history; restore from external archive if exact retained artifact is needed.
results/dsh_validation/phase1_ablations/checkpoints/full_model/seed000.vocab.json,model_checkpoint,tractatus-heavy-retained-artifacts-2026-08-14.zip,f38ed4abddf438aa7e9c297244d3db88d35198eeba017c91cc46f646573a69c6,78888d26667b893a581f4e01126f47d7eaacf91c1de795c5b871ce2e57655c72,74991,Removed from Git history; restore from external archive if exact retained artifact is needed.
results/dsh_validation/phase1_ablations/checkpoints/shuffled_no_successor/seed006.vocab.json,model_checkpoint,tractatus-heavy-retained-artifacts-2026-08-14.zip,f38ed4abddf438aa7e9c297244d3db88d35198eeba017c91cc46f646573a69c6,78888d26667b893a581f4e01126f47d7eaacf91c1de795c5b871ce2e57655c72,74991,Removed from Git history; restore from external archive if exact retained artifact is needed.
results/dsh_validation/phase1_ablations/checkpoints/shuffled_no_successor/seed007.vocab.json,model_checkpoint,tractatus-heavy-retained-artifacts-2026-08-14.zip,f38ed4abddf438aa7e9c297244d3db88d35198eeba017c91cc46f646573a69c6,78888d26667b893a581f4e01126f47d7eaacf91c1de795c5b871ce2e57655c72,74991,Removed from Git history; restore from external archive if exact retained artifact is needed.
results/dsh_validation/phase1_ablations/checkpoints/shuffled_no_successor/seed009.pt,model_checkpoint,tractatus-heavy-retained-artifacts-2026-08-14.zip,f38ed4abddf438aa7e9c297244d3db88d35198eeba017c91cc46f646573a69c6,31b85b3c42c7ca5182e94bcabc25acafc67a7aef2635c55a0f7f12d4b447fe62,7479326,Removed from Git history; restore from external archive if exact retained artifact is needed.
results/dsh_validation/phase1_ablations/checkpoints/shuffled_no_successor/seed002.pt,model_checkpoint,tractatus-heavy-retained-artifacts-2026-08-14.zip,f38ed4abddf438aa7e9c297244d3db88d35198eeba017c91cc46f646573a69c6,c81c8b244feca06f1f3b25516414efb93f0fe487a4b39862c646a889c5029c89,7480768,Removed from Git history; restore from external archive if exact retained artifact is needed.
results/dsh_validation/phase1_ablations/checkpoints/shuffled_no_successor/seed008.pt,model_checkpoint,tractatus-heavy-retained-artifacts-2026-08-14.zip,f38ed4abddf438aa7e9c297244d3db88d35198eeba017c91cc46f646573a69c6,39443d5a043512d8cdb0793c4c83f905cd09479f34bb91dfd6cad028ab2aedca,7479326,Removed from Git history; restore from external archive if exact retained artifact is needed.
results/dsh_validation/phase1_ablations/checkpoints/shuffled_no_successor/seed001.pt,model_checkpoint,tractatus-heavy-retained-artifacts-2026-08-14.zip,f38ed4abddf438aa7e9c297244d3db88d35198eeba017c91cc46f646573a69c6,8c8c9c1a8008adb29bfd09c2871690115561c831661efc8748da08617becfb1d,7479326,Removed from Git history; restore from external archive if exact retained artifact is needed.
results/dsh_validation/phase1_ablations/checkpoints/shuffled_no_successor/seed000.pt,model_checkpoint,tractatus-heavy-retained-artifacts-2026-08-14.zip,f38ed4abddf438aa7e9c297244d3db88d35198eeba017c91cc46f646573a69c6,932cb9039f36dd44f50a9771df2419bc11212a39a5bb949953569702b56ac897,7479326,Removed from Git history; restore from external archive if exact retained artifact is needed.
results/dsh_validation/phase1_ablations/checkpoints/shuffled_no_successor/seed003.pt,model_checkpoint,tractatus-heavy-retained-artifacts-2026-08-14.zip,f38ed4abddf438aa7e9c297244d3db88d35198eeba017c91cc46f646573a69c6,44a001ad2fdc1229dbf842f1575a09cf6493ce0cb2800887f1e3397fa2d6429f,7479326,Removed from Git history; restore from external archive if exact retained artifact is needed.
results/dsh_validation/phase1_ablations/checkpoints/shuffled_no_successor/seed003.vocab.json,model_checkpoint,tractatus-heavy-retained-artifacts-2026-08-14.zip,f38ed4abddf438aa7e9c297244d3db88d35198eeba017c91cc46f646573a69c6,78888d26667b893a581f4e01126f47d7eaacf91c1de795c5b871ce2e57655c72,74991,Removed from Git history; restore from external archive if exact retained artifact is needed.
results/dsh_validation/phase1_ablations/checkpoints/shuffled_no_successor/seed006.pt,model_checkpoint,tractatus-heavy-retained-artifacts-2026-08-14.zip,f38ed4abddf438aa7e9c297244d3db88d35198eeba017c91cc46f646573a69c6,a846518f2c8194fb4ec95b409c9f1ccec962cadac12ef03fccd1ace8b68d3804,7479326,Removed from Git history; restore from external archive if exact retained artifact is needed.
results/dsh_validation/phase1_ablations/checkpoints/shuffled_no_successor/seed008.vocab.json,model_checkpoint,tractatus-heavy-retained-artifacts-2026-08-14.zip,f38ed4abddf438aa7e9c297244d3db88d35198eeba017c91cc46f646573a69c6,78888d26667b893a581f4e01126f47d7eaacf91c1de795c5b871ce2e57655c72,74991,Removed from Git history; restore from external archive if exact retained artifact is needed.
results/dsh_validation/phase1_ablations/checkpoints/shuffled_no_successor/seed002.vocab.json,model_checkpoint,tractatus-heavy-retained-artifacts-2026-08-14.zip,f38ed4abddf438aa7e9c297244d3db88d35198eeba017c91cc46f646573a69c6,78888d26667b893a581f4e01126f47d7eaacf91c1de795c5b871ce2e57655c72,74991,Removed from Git history; restore from external archive if exact retained artifact is needed.
results/dsh_validation/phase1_ablations/checkpoints/shuffled_no_successor/seed005.pt,model_checkpoint,tractatus-heavy-retained-artifacts-2026-08-14.zip,f38ed4abddf438aa7e9c297244d3db88d35198eeba017c91cc46f646573a69c6,470cd35b4b2707c1194e220bfab78df596712a49f1f25e57e9d179280a524d29,7479326,Removed from Git history; restore from external archive if exact retained artifact is needed.
results/dsh_validation/phase1_ablations/checkpoints/shuffled_no_successor/seed009.vocab.json,model_checkpoint,tractatus-heavy-retained-artifacts-2026-08-14.zip,f38ed4abddf438aa7e9c297244d3db88d35198eeba017c91cc46f646573a69c6,78888d26667b893a581f4e01126f47d7eaacf91c1de795c5b871ce2e57655c72,74991,Removed from Git history; restore from external archive if exact retained artifact is needed.
results/dsh_validation/phase1_ablations/checkpoints/shuffled_no_successor/seed001.vocab.json,model_checkpoint,tractatus-heavy-retained-artifacts-2026-08-14.zip,f38ed4abddf438aa7e9c297244d3db88d35198eeba017c91cc46f646573a69c6,78888d26667b893a581f4e01126f47d7eaacf91c1de795c5b871ce2e57655c72,74991,Removed from Git history; restore from external archive if exact retained artifact is needed.
results/dsh_validation/phase1_ablations/checkpoints/shuffled_no_successor/seed005.vocab.json,model_checkpoint,tractatus-heavy-retained-artifacts-2026-08-14.zip,f38ed4abddf438aa7e9c297244d3db88d35198eeba017c91cc46f646573a69c6,78888d26667b893a581f4e01126f47d7eaacf91c1de795c5b871ce2e57655c72,74991,Removed from Git history; restore from external archive if exact retained artifact is needed.
results/dsh_validation/phase1_ablations/checkpoints/shuffled_no_successor/seed004.pt,model_checkpoint,tractatus-heavy-retained-artifacts-2026-08-14.zip,f38ed4abddf438aa7e9c297244d3db88d35198eeba017c91cc46f646573a69c6,a08d601a6b32c8ac89af8391428ca315fb38fc425d964ca23bea55f36f5e145a,7479326,Removed from Git history; restore from external archive if exact retained artifact is needed.
results/dsh_validation/phase1_ablations/checkpoints/shuffled_no_successor/seed007.pt,model_checkpoint,tractatus-heavy-retained-artifacts-2026-08-14.zip,f38ed4abddf438aa7e9c297244d3db88d35198eeba017c91cc46f646573a69c6,3d7c33726f442ecd0d6ae2b4b684547e49c9d8dc292be72da16a2b3ea8e6635b,7480768,Removed from Git history; restore from external archive if exact retained artifact is needed.
results/dsh_validation/phase1_ablations/checkpoints/shuffled_no_successor/seed004.vocab.json,model_checkpoint,tractatus-heavy-retained-artifacts-2026-08-14.zip,f38ed4abddf438aa7e9c297244d3db88d35198eeba017c91cc46f646573a69c6,78888d26667b893a581f4e01126f47d7eaacf91c1de795c5b871ce2e57655c72,74991,Removed from Git history; restore from external archive if exact retained artifact is needed.
results/dsh_validation/phase1_ablations/checkpoints/shuffled_no_successor/seed000.vocab.json,model_checkpoint,tractatus-heavy-retained-artifacts-2026-08-14.zip,f38ed4abddf438aa7e9c297244d3db88d35198eeba017c91cc46f646573a69c6,78888d26667b893a581f4e01126f47d7eaacf91c1de795c5b871ce2e57655c72,74991,Removed from Git history; restore from external archive if exact retained artifact is needed.
results/dsh_validation/phase1_ablations/checkpoints/successor_only/seed006.vocab.json,model_checkpoint,tractatus-heavy-retained-artifacts-2026-08-14.zip,f38ed4abddf438aa7e9c297244d3db88d35198eeba017c91cc46f646573a69c6,78888d26667b893a581f4e01126f47d7eaacf91c1de795c5b871ce2e57655c72,74991,Removed from Git history; restore from external archive if exact retained artifact is needed.
results/dsh_validation/phase1_ablations/checkpoints/successor_only/seed007.vocab.json,model_checkpoint,tractatus-heavy-retained-artifacts-2026-08-14.zip,f38ed4abddf438aa7e9c297244d3db88d35198eeba017c91cc46f646573a69c6,78888d26667b893a581f4e01126f47d7eaacf91c1de795c5b871ce2e57655c72,74991,Removed from Git history; restore from external archive if exact retained artifact is needed.
results/dsh_validation/phase1_ablations/checkpoints/successor_only/seed009.pt,model_checkpoint,tractatus-heavy-retained-artifacts-2026-08-14.zip,f38ed4abddf438aa7e9c297244d3db88d35198eeba017c91cc46f646573a69c6,c4630307c38d895174e08191393b1a5b521b4de8180e240f3fe7836ca52db74d,7479326,Removed from Git history; restore from external archive if exact retained artifact is needed.
results/dsh_validation/phase1_ablations/checkpoints/successor_only/seed002.pt,model_checkpoint,tractatus-heavy-retained-artifacts-2026-08-14.zip,f38ed4abddf438aa7e9c297244d3db88d35198eeba017c91cc46f646573a69c6,1b948473f3d64ca7a8d9ecc13630669b4ae90b1ddf3d3938a64656d2713c40d8,7480832,Removed from Git history; restore from external archive if exact retained artifact is needed.
results/dsh_validation/phase1_ablations/checkpoints/successor_only/seed008.pt,model_checkpoint,tractatus-heavy-retained-artifacts-2026-08-14.zip,f38ed4abddf438aa7e9c297244d3db88d35198eeba017c91cc46f646573a69c6,3d958699a9fa3740db01a01513859a78f39ddf996a067929f8a6987f0c79fd15,7479326,Removed from Git history; restore from external archive if exact retained artifact is needed.
results/dsh_validation/phase1_ablations/checkpoints/successor_only/seed001.pt,model_checkpoint,tractatus-heavy-retained-artifacts-2026-08-14.zip,f38ed4abddf438aa7e9c297244d3db88d35198eeba017c91cc46f646573a69c6,087c4f7098ec65f96811f5bd51630d7f316dd72a5fce9eb1cbfb9fc33955f4d8,7479326,Removed from Git history; restore from external archive if exact retained artifact is needed.
results/dsh_validation/phase1_ablations/checkpoints/successor_only/seed000.pt,model_checkpoint,tractatus-heavy-retained-artifacts-2026-08-14.zip,f38ed4abddf438aa7e9c297244d3db88d35198eeba017c91cc46f646573a69c6,8d6fa68c40e317ec8566e02216f1b3351a35ed349781126cbaea59103c16a16a,7479326,Removed from Git history; restore from external archive if exact retained artifact is needed.
results/dsh_validation/phase1_ablations/checkpoints/successor_only/seed003.pt,model_checkpoint,tractatus-heavy-retained-artifacts-2026-08-14.zip,f38ed4abddf438aa7e9c297244d3db88d35198eeba017c91cc46f646573a69c6,e4a4bdfaf92e3cbd1fb80d30ef292ea6d05799c207eccc359c0729fae0a0ca0c,7479326,Removed from Git history; restore from external archive if exact retained artifact is needed.
results/dsh_validation/phase1_ablations/checkpoints/successor_only/seed003.vocab.json,model_checkpoint,tractatus-heavy-retained-artifacts-2026-08-14.zip,f38ed4abddf438aa7e9c297244d3db88d35198eeba017c91cc46f646573a69c6,78888d26667b893a581f4e01126f47d7eaacf91c1de795c5b871ce2e57655c72,74991,Removed from Git history; restore from external archive if exact retained artifact is needed.
results/dsh_validation/phase1_ablations/checkpoints/successor_only/seed006.pt,model_checkpoint,tractatus-heavy-retained-artifacts-2026-08-14.zip,f38ed4abddf438aa7e9c297244d3db88d35198eeba017c91cc46f646573a69c6,48d4ad6b63cd0a6ee8215d26217ac1352e173f7048411df7bbfe5ce91a94a12c,7480832,Removed from Git history; restore from external archive if exact retained artifact is needed.
results/dsh_validation/phase1_ablations/checkpoints/successor_only/seed008.vocab.json,model_checkpoint,tractatus-heavy-retained-artifacts-2026-08-14.zip,f38ed4abddf438aa7e9c297244d3db88d35198eeba017c91cc46f646573a69c6,78888d26667b893a581f4e01126f47d7eaacf91c1de795c5b871ce2e57655c72,74991,Removed from Git history; restore from external archive if exact retained artifact is needed.
results/dsh_validation/phase1_ablations/checkpoints/successor_only/seed002.vocab.json,model_checkpoint,tractatus-heavy-retained-artifacts-2026-08-14.zip,f38ed4abddf438aa7e9c297244d3db88d35198eeba017c91cc46f646573a69c6,78888d26667b893a581f4e01126f47d7eaacf91c1de795c5b871ce2e57655c72,74991,Removed from Git history; restore from external archive if exact retained artifact is needed.
results/dsh_validation/phase1_ablations/checkpoints/successor_only/seed005.pt,model_checkpoint,tractatus-heavy-retained-artifacts-2026-08-14.zip,f38ed4abddf438aa7e9c297244d3db88d35198eeba017c91cc46f646573a69c6,1102d4bb814f8eb5124cdccc72e00ddad17ef8f0edd7a13a38324ea287f43b5f,7479326,Removed from Git history; restore from external archive if exact retained artifact is needed.
results/dsh_validation/phase1_ablations/checkpoints/successor_only/seed009.vocab.json,model_checkpoint,tractatus-heavy-retained-artifacts-2026-08-14.zip,f38ed4abddf438aa7e9c297244d3db88d35198eeba017c91cc46f646573a69c6,78888d26667b893a581f4e01126f47d7eaacf91c1de795c5b871ce2e57655c72,74991,Removed from Git history; restore from external archive if exact retained artifact is needed.
results/dsh_validation/phase1_ablations/checkpoints/successor_only/seed001.vocab.json,model_checkpoint,tractatus-heavy-retained-artifacts-2026-08-14.zip,f38ed4abddf438aa7e9c297244d3db88d35198eeba017c91cc46f646573a69c6,78888d26667b893a581f4e01126f47d7eaacf91c1de795c5b871ce2e57655c72,74991,Removed from Git history; restore from external archive if exact retained artifact is needed.
results/dsh_validation/phase1_ablations/checkpoints/successor_only/seed005.vocab.json,model_checkpoint,tractatus-heavy-retained-artifacts-2026-08-14.zip,f38ed4abddf438aa7e9c297244d3db88d35198eeba017c91cc46f646573a69c6,78888d26667b893a581f4e01126f47d7eaacf91c1de795c5b871ce2e57655c72,74991,Removed from Git history; restore from external archive if exact retained artifact is needed.
results/dsh_validation/phase1_ablations/checkpoints/successor_only/seed004.pt,model_checkpoint,tractatus-heavy-retained-artifacts-2026-08-14.zip,f38ed4abddf438aa7e9c297244d3db88d35198eeba017c91cc46f646573a69c6,74ba6a3ac5f71fb893a87d768462a2e4a7296d255d477b853b8cd133e41369a9,7479326,Removed from Git history; restore from external archive if exact retained artifact is needed.
results/dsh_validation/phase1_ablations/checkpoints/successor_only/seed007.pt,model_checkpoint,tractatus-heavy-retained-artifacts-2026-08-14.zip,f38ed4abddf438aa7e9c297244d3db88d35198eeba017c91cc46f646573a69c6,812f6d5ae0a1dca6271dfa19f61af85da288c4a15e3d7e29a9dee25974e2eb09,7479326,Removed from Git history; restore from external archive if exact retained artifact is needed.
results/dsh_validation/phase1_ablations/checkpoints/successor_only/seed004.vocab.json,model_checkpoint,tractatus-heavy-retained-artifacts-2026-08-14.zip,f38ed4abddf438aa7e9c297244d3db88d35198eeba017c91cc46f646573a69c6,78888d26667b893a581f4e01126f47d7eaacf91c1de795c5b871ce2e57655c72,74991,Removed from Git history; restore from external archive if exact retained artifact is needed.
results/dsh_validation/phase1_ablations/checkpoints/successor_only/seed000.vocab.json,model_checkpoint,tractatus-heavy-retained-artifacts-2026-08-14.zip,f38ed4abddf438aa7e9c297244d3db88d35198eeba017c91cc46f646573a69c6,78888d26667b893a581f4e01126f47d7eaacf91c1de795c5b871ce2e57655c72,74991,Removed from Git history; restore from external archive if exact retained artifact is needed.
results/dsh_validation/phase1_ablations/checkpoints/parent_depth_only/seed006.vocab.json,model_checkpoint,tractatus-heavy-retained-artifacts-2026-08-14.zip,f38ed4abddf438aa7e9c297244d3db88d35198eeba017c91cc46f646573a69c6,78888d26667b893a581f4e01126f47d7eaacf91c1de795c5b871ce2e57655c72,74991,Removed from Git history; restore from external archive if exact retained artifact is needed.
results/dsh_validation/phase1_ablations/checkpoints/parent_depth_only/seed007.vocab.json,model_checkpoint,tractatus-heavy-retained-artifacts-2026-08-14.zip,f38ed4abddf438aa7e9c297244d3db88d35198eeba017c91cc46f646573a69c6,78888d26667b893a581f4e01126f47d7eaacf91c1de795c5b871ce2e57655c72,74991,Removed from Git history; restore from external archive if exact retained artifact is needed.
results/dsh_validation/phase1_ablations/checkpoints/parent_depth_only/seed009.pt,model_checkpoint,tractatus-heavy-retained-artifacts-2026-08-14.zip,f38ed4abddf438aa7e9c297244d3db88d35198eeba017c91cc46f646573a69c6,f8047ab7e48654130b144b611c07db452215504f0fdc6bbcd869ab16d905c6a2,7479326,Removed from Git history; restore from external archive if exact retained artifact is needed.
results/dsh_validation/phase1_ablations/checkpoints/parent_depth_only/seed002.pt,model_checkpoint,tractatus-heavy-retained-artifacts-2026-08-14.zip,f38ed4abddf438aa7e9c297244d3db88d35198eeba017c91cc46f646573a69c6,c635b67e34092a6a3dd1d34b19db5e9fb04c34e48e0b10d319fb56238eaa4cac,7479326,Removed from Git history; restore from external archive if exact retained artifact is needed.
results/dsh_validation/phase1_ablations/checkpoints/parent_depth_only/seed008.pt,model_checkpoint,tractatus-heavy-retained-artifacts-2026-08-14.zip,f38ed4abddf438aa7e9c297244d3db88d35198eeba017c91cc46f646573a69c6,c940559e39491147a4fd56d701418cccdbd6ccf110be9738b9322dcc4f89fb3e,7480832,Removed from Git history; restore from external archive if exact retained artifact is needed.
results/dsh_validation/phase1_ablations/checkpoints/parent_depth_only/seed001.pt,model_checkpoint,tractatus-heavy-retained-artifacts-2026-08-14.zip,f38ed4abddf438aa7e9c297244d3db88d35198eeba017c91cc46f646573a69c6,a5bae60e0e83d9ff7844b59540b6f74c4a828fb4fcd198054a63f8e0ec7d1928,7479326,Removed from Git history; restore from external archive if exact retained artifact is needed.
results/dsh_validation/phase1_ablations/checkpoints/parent_depth_only/seed000.pt,model_checkpoint,tractatus-heavy-retained-artifacts-2026-08-14.zip,f38ed4abddf438aa7e9c297244d3db88d35198eeba017c91cc46f646573a69c6,41b36d7340d114b229f5ae073e091d10242aefdeeec88d063dd7a56c3861ec54,7480832,Removed from Git history; restore from external archive if exact retained artifact is needed.
results/dsh_validation/phase1_ablations/checkpoints/parent_depth_only/seed003.pt,model_checkpoint,tractatus-heavy-retained-artifacts-2026-08-14.zip,f38ed4abddf438aa7e9c297244d3db88d35198eeba017c91cc46f646573a69c6,19144d6b7caaabff9d9d517b032bf097d580e2de562c37e34909a1366a9e6891,7479326,Removed from Git history; restore from external archive if exact retained artifact is needed.
results/dsh_validation/phase1_ablations/checkpoints/parent_depth_only/seed003.vocab.json,model_checkpoint,tractatus-heavy-retained-artifacts-2026-08-14.zip,f38ed4abddf438aa7e9c297244d3db88d35198eeba017c91cc46f646573a69c6,78888d26667b893a581f4e01126f47d7eaacf91c1de795c5b871ce2e57655c72,74991,Removed from Git history; restore from external archive if exact retained artifact is needed.
results/dsh_validation/phase1_ablations/checkpoints/parent_depth_only/seed006.pt,model_checkpoint,tractatus-heavy-retained-artifacts-2026-08-14.zip,f38ed4abddf438aa7e9c297244d3db88d35198eeba017c91cc46f646573a69c6,94e521bf8c3bdc7cc0d596f70018740e8192f430b55e5d6314cb320e29e0f717,7479326,Removed from Git history; restore from external archive if exact retained artifact is needed.
results/dsh_validation/phase1_ablations/checkpoints/parent_depth_only/seed008.vocab.json,model_checkpoint,tractatus-heavy-retained-artifacts-2026-08-14.zip,f38ed4abddf438aa7e9c297244d3db88d35198eeba017c91cc46f646573a69c6,78888d26667b893a581f4e01126f47d7eaacf91c1de795c5b871ce2e57655c72,74991,Removed from Git history; restore from external archive if exact retained artifact is needed.
results/dsh_validation/phase1_ablations/checkpoints/parent_depth_only/seed002.vocab.json,model_checkpoint,tractatus-heavy-retained-artifacts-2026-08-14.zip,f38ed4abddf438aa7e9c297244d3db88d35198eeba017c91cc46f646573a69c6,78888d26667b893a581f4e01126f47d7eaacf91c1de795c5b871ce2e57655c72,74991,Removed from Git history; restore from external archive if exact retained artifact is needed.
results/dsh_validation/phase1_ablations/checkpoints/parent_depth_only/seed005.pt,model_checkpoint,tractatus-heavy-retained-artifacts-2026-08-14.zip,f38ed4abddf438aa7e9c297244d3db88d35198eeba017c91cc46f646573a69c6,a79c4e2a0f005da36d27b093731d1e60db264f69d52733c8fd265be787a6130b,7479326,Removed from Git history; restore from external archive if exact retained artifact is needed.
results/dsh_validation/phase1_ablations/checkpoints/parent_depth_only/seed009.vocab.json,model_checkpoint,tractatus-heavy-retained-artifacts-2026-08-14.zip,f38ed4abddf438aa7e9c297244d3db88d35198eeba017c91cc46f646573a69c6,78888d26667b893a581f4e01126f47d7eaacf91c1de795c5b871ce2e57655c72,74991,Removed from Git history; restore from external archive if exact retained artifact is needed.
results/dsh_validation/phase1_ablations/checkpoints/parent_depth_only/seed001.vocab.json,model_checkpoint,tractatus-heavy-retained-artifacts-2026-08-14.zip,f38ed4abddf438aa7e9c297244d3db88d35198eeba017c91cc46f646573a69c6,78888d26667b893a581f4e01126f47d7eaacf91c1de795c5b871ce2e57655c72,74991,Removed from Git history; restore from external archive if exact retained artifact is needed.
results/dsh_validation/phase1_ablations/checkpoints/parent_depth_only/seed005.vocab.json,model_checkpoint,tractatus-heavy-retained-artifacts-2026-08-14.zip,f38ed4abddf438aa7e9c297244d3db88d35198eeba017c91cc46f646573a69c6,78888d26667b893a581f4e01126f47d7eaacf91c1de795c5b871ce2e57655c72,74991,Removed from Git history; restore from external archive if exact retained artifact is needed.
results/dsh_validation/phase1_ablations/checkpoints/parent_depth_only/seed004.pt,model_checkpoint,tractatus-heavy-retained-artifacts-2026-08-14.zip,f38ed4abddf438aa7e9c297244d3db88d35198eeba017c91cc46f646573a69c6,b1e3ab8c5f0bf959fd3a41d8bdf4d95de6beb211c835689fc9f77e79d6e53b5b,7480832,Removed from Git history; restore from external archive if exact retained artifact is needed.
results/dsh_validation/phase1_ablations/checkpoints/parent_depth_only/seed007.pt,model_checkpoint,tractatus-heavy-retained-artifacts-2026-08-14.zip,f38ed4abddf438aa7e9c297244d3db88d35198eeba017c91cc46f646573a69c6,1e3365d686593ea02de8b4dc5a7b563b5b71d357d1d6c9c495f5833b096390c3,7479326,Removed from Git history; restore from external archive if exact retained artifact is needed.
results/dsh_validation/phase1_ablations/checkpoints/parent_depth_only/seed004.vocab.json,model_checkpoint,tractatus-heavy-retained-artifacts-2026-08-14.zip,f38ed4abddf438aa7e9c297244d3db88d35198eeba017c91cc46f646573a69c6,78888d26667b893a581f4e01126f47d7eaacf91c1de795c5b871ce2e57655c72,74991,Removed from Git history; restore from external archive if exact retained artifact is needed.
results/dsh_validation/phase1_ablations/checkpoints/parent_depth_only/seed000.vocab.json,model_checkpoint,tractatus-heavy-retained-artifacts-2026-08-14.zip,f38ed4abddf438aa7e9c297244d3db88d35198eeba017c91cc46f646573a69c6,78888d26667b893a581f4e01126f47d7eaacf91c1de795c5b871ce2e57655c72,74991,Removed from Git history; restore from external archive if exact retained artifact is needed.
results/dsh_validation/phase1_ablations/checkpoints/shuffled_joint_targets/seed006.vocab.json,model_checkpoint,tractatus-heavy-retained-artifacts-2026-08-14.zip,f38ed4abddf438aa7e9c297244d3db88d35198eeba017c91cc46f646573a69c6,78888d26667b893a581f4e01126f47d7eaacf91c1de795c5b871ce2e57655c72,74991,Removed from Git history; restore from external archive if exact retained artifact is needed.
results/dsh_validation/phase1_ablations/checkpoints/shuffled_joint_targets/seed007.vocab.json,model_checkpoint,tractatus-heavy-retained-artifacts-2026-08-14.zip,f38ed4abddf438aa7e9c297244d3db88d35198eeba017c91cc46f646573a69c6,78888d26667b893a581f4e01126f47d7eaacf91c1de795c5b871ce2e57655c72,74991,Removed from Git history; restore from external archive if exact retained artifact is needed.
results/dsh_validation/phase1_ablations/checkpoints/shuffled_joint_targets/seed009.pt,model_checkpoint,tractatus-heavy-retained-artifacts-2026-08-14.zip,f38ed4abddf438aa7e9c297244d3db88d35198eeba017c91cc46f646573a69c6,3ed2ce35426ef800bf5a816333884d168bc96566510fa68abdbbcc40c44b1538,7479326,Removed from Git history; restore from external archive if exact retained artifact is needed.
results/dsh_validation/phase1_ablations/checkpoints/shuffled_joint_targets/seed002.pt,model_checkpoint,tractatus-heavy-retained-artifacts-2026-08-14.zip,f38ed4abddf438aa7e9c297244d3db88d35198eeba017c91cc46f646573a69c6,15be355edc9491570593783ca18c11462d226459c5e6279346436a6bf5344dd8,7479326,Removed from Git history; restore from external archive if exact retained artifact is needed.
results/dsh_validation/phase1_ablations/checkpoints/shuffled_joint_targets/seed008.pt,model_checkpoint,tractatus-heavy-retained-artifacts-2026-08-14.zip,f38ed4abddf438aa7e9c297244d3db88d35198eeba017c91cc46f646573a69c6,585713d87c0237d0ba636a1b811b364d25b4034e2c39a93b4e3de1f430ba6a2b,7480832,Removed from Git history; restore from external archive if exact retained artifact is needed.
results/dsh_validation/phase1_ablations/checkpoints/shuffled_joint_targets/seed001.pt,model_checkpoint,tractatus-heavy-retained-artifacts-2026-08-14.zip,f38ed4abddf438aa7e9c297244d3db88d35198eeba017c91cc46f646573a69c6,d28f39c41cf65eb32361a0bc3a24f132d43391db157c158e1e8b70218ddb05b0,7479326,Removed from Git history; restore from external archive if exact retained artifact is needed.
results/dsh_validation/phase1_ablations/checkpoints/shuffled_joint_targets/seed000.pt,model_checkpoint,tractatus-heavy-retained-artifacts-2026-08-14.zip,f38ed4abddf438aa7e9c297244d3db88d35198eeba017c91cc46f646573a69c6,370b7cc5cec3d3d193a8d227bd5436b095561b68a2de37fe3274b4017bd38d2e,7480832,Removed from Git history; restore from external archive if exact retained artifact is needed.
results/dsh_validation/phase1_ablations/checkpoints/shuffled_joint_targets/seed003.pt,model_checkpoint,tractatus-heavy-retained-artifacts-2026-08-14.zip,f38ed4abddf438aa7e9c297244d3db88d35198eeba017c91cc46f646573a69c6,9df70f1d3d476032d199d377025fd26fa0c4727b29b0e106ea7bcd4c3df7386a,7479326,Removed from Git history; restore from external archive if exact retained artifact is needed.
results/dsh_validation/phase1_ablations/checkpoints/shuffled_joint_targets/seed003.vocab.json,model_checkpoint,tractatus-heavy-retained-artifacts-2026-08-14.zip,f38ed4abddf438aa7e9c297244d3db88d35198eeba017c91cc46f646573a69c6,78888d26667b893a581f4e01126f47d7eaacf91c1de795c5b871ce2e57655c72,74991,Removed from Git history; restore from external archive if exact retained artifact is needed.
results/dsh_validation/phase1_ablations/checkpoints/shuffled_joint_targets/seed006.pt,model_checkpoint,tractatus-heavy-retained-artifacts-2026-08-14.zip,f38ed4abddf438aa7e9c297244d3db88d35198eeba017c91cc46f646573a69c6,fd825c2e58d69080cb0da251ecbc977f0da22cb13443d964eb78d2256db5a9d4,7479326,Removed from Git history; restore from external archive if exact retained artifact is needed.
results/dsh_validation/phase1_ablations/checkpoints/shuffled_joint_targets/seed008.vocab.json,model_checkpoint,tractatus-heavy-retained-artifacts-2026-08-14.zip,f38ed4abddf438aa7e9c297244d3db88d35198eeba017c91cc46f646573a69c6,78888d26667b893a581f4e01126f47d7eaacf91c1de795c5b871ce2e57655c72,74991,Removed from Git history; restore from external archive if exact retained artifact is needed.
results/dsh_validation/phase1_ablations/checkpoints/shuffled_joint_targets/seed002.vocab.json,model_checkpoint,tractatus-heavy-retained-artifacts-2026-08-14.zip,f38ed4abddf438aa7e9c297244d3db88d35198eeba017c91cc46f646573a69c6,78888d26667b893a581f4e01126f47d7eaacf91c1de795c5b871ce2e57655c72,74991,Removed from Git history; restore from external archive if exact retained artifact is needed.
results/dsh_validation/phase1_ablations/checkpoints/shuffled_joint_targets/seed005.pt,model_checkpoint,tractatus-heavy-retained-artifacts-2026-08-14.zip,f38ed4abddf438aa7e9c297244d3db88d35198eeba017c91cc46f646573a69c6,ac6da142d948ef488528928fbd7708d25123355d167302e8a4c5ebc4ab9fab43,7479326,Removed from Git history; restore from external archive if exact retained artifact is needed.
results/dsh_validation/phase1_ablations/checkpoints/shuffled_joint_targets/seed009.vocab.json,model_checkpoint,tractatus-heavy-retained-artifacts-2026-08-14.zip,f38ed4abddf438aa7e9c297244d3db88d35198eeba017c91cc46f646573a69c6,78888d26667b893a581f4e01126f47d7eaacf91c1de795c5b871ce2e57655c72,74991,Removed from Git history; restore from external archive if exact retained artifact is needed.
results/dsh_validation/phase1_ablations/checkpoints/shuffled_joint_targets/seed001.vocab.json,model_checkpoint,tractatus-heavy-retained-artifacts-2026-08-14.zip,f38ed4abddf438aa7e9c297244d3db88d35198eeba017c91cc46f646573a69c6,78888d26667b893a581f4e01126f47d7eaacf91c1de795c5b871ce2e57655c72,74991,Removed from Git history; restore from external archive if exact retained artifact is needed.
results/dsh_validation/phase1_ablations/checkpoints/shuffled_joint_targets/seed005.vocab.json,model_checkpoint,tractatus-heavy-retained-artifacts-2026-08-14.zip,f38ed4abddf438aa7e9c297244d3db88d35198eeba017c91cc46f646573a69c6,78888d26667b893a581f4e01126f47d7eaacf91c1de795c5b871ce2e57655c72,74991,Removed from Git history; restore from external archive if exact retained artifact is needed.
results/dsh_validation/phase1_ablations/checkpoints/shuffled_joint_targets/seed004.pt,model_checkpoint,tractatus-heavy-retained-artifacts-2026-08-14.zip,f38ed4abddf438aa7e9c297244d3db88d35198eeba017c91cc46f646573a69c6,0cfca9b2aa17bb0c9f34cfe159bc6479be5ca1457a4ee0408f0eee1ea58ff051,7480832,Removed from Git history; restore from external archive if exact retained artifact is needed.
results/dsh_validation/phase1_ablations/checkpoints/shuffled_joint_targets/seed007.pt,model_checkpoint,tractatus-heavy-retained-artifacts-2026-08-14.zip,f38ed4abddf438aa7e9c297244d3db88d35198eeba017c91cc46f646573a69c6,8349fffab76c90c5531e49d24bc5ba49f66dd1eb128cd657d2bb038d535ff0e4,7479326,Removed from Git history; restore from external archive if exact retained artifact is needed.
results/dsh_validation/phase1_ablations/checkpoints/shuffled_joint_targets/seed004.vocab.json,model_checkpoint,tractatus-heavy-retained-artifacts-2026-08-14.zip,f38ed4abddf438aa7e9c297244d3db88d35198eeba017c91cc46f646573a69c6,78888d26667b893a581f4e01126f47d7eaacf91c1de795c5b871ce2e57655c72,74991,Removed from Git history; restore from external archive if exact retained artifact is needed.
results/dsh_validation/phase1_ablations/checkpoints/shuffled_joint_targets/seed000.vocab.json,model_checkpoint,tractatus-heavy-retained-artifacts-2026-08-14.zip,f38ed4abddf438aa7e9c297244d3db88d35198eeba017c91cc46f646573a69c6,78888d26667b893a581f4e01126f47d7eaacf91c1de795c5b871ce2e57655c72,74991,Removed from Git history; restore from external archive if exact retained artifact is needed.
results/dsh_validation/phase1_ablations/checkpoints/reconstruction_only/seed006.vocab.json,model_checkpoint,tractatus-heavy-retained-artifacts-2026-08-14.zip,f38ed4abddf438aa7e9c297244d3db88d35198eeba017c91cc46f646573a69c6,78888d26667b893a581f4e01126f47d7eaacf91c1de795c5b871ce2e57655c72,74991,Removed from Git history; restore from external archive if exact retained artifact is needed.
results/dsh_validation/phase1_ablations/checkpoints/reconstruction_only/seed007.vocab.json,model_checkpoint,tractatus-heavy-retained-artifacts-2026-08-14.zip,f38ed4abddf438aa7e9c297244d3db88d35198eeba017c91cc46f646573a69c6,78888d26667b893a581f4e01126f47d7eaacf91c1de795c5b871ce2e57655c72,74991,Removed from Git history; restore from external archive if exact retained artifact is needed.
results/dsh_validation/phase1_ablations/checkpoints/reconstruction_only/seed009.pt,model_checkpoint,tractatus-heavy-retained-artifacts-2026-08-14.zip,f38ed4abddf438aa7e9c297244d3db88d35198eeba017c91cc46f646573a69c6,1f31eb7f1c812512eb5aa5714c932cf21aee851296a7d1c374c6989f75dc83fd,7479326,Removed from Git history; restore from external archive if exact retained artifact is needed.
results/dsh_validation/phase1_ablations/checkpoints/reconstruction_only/seed002.pt,model_checkpoint,tractatus-heavy-retained-artifacts-2026-08-14.zip,f38ed4abddf438aa7e9c297244d3db88d35198eeba017c91cc46f646573a69c6,9c7d9af8be99bc2d1693c96158a21f48a95f8f43639b4e697d9c2b4c6f53f844,7479326,Removed from Git history; restore from external archive if exact retained artifact is needed.
results/dsh_validation/phase1_ablations/checkpoints/reconstruction_only/seed008.pt,model_checkpoint,tractatus-heavy-retained-artifacts-2026-08-14.zip,f38ed4abddf438aa7e9c297244d3db88d35198eeba017c91cc46f646573a69c6,5ef001d95fba78250f0f95913ffd6bccc8d4ed08777f2041a047d3c4f29e10b2,7480832,Removed from Git history; restore from external archive if exact retained artifact is needed.
results/dsh_validation/phase1_ablations/checkpoints/reconstruction_only/seed001.pt,model_checkpoint,tractatus-heavy-retained-artifacts-2026-08-14.zip,f38ed4abddf438aa7e9c297244d3db88d35198eeba017c91cc46f646573a69c6,d77cd155d02e679d001c6fcb18109a4524e94008eb8cede48d3f13e187cdcb96,7479326,Removed from Git history; restore from external archive if exact retained artifact is needed.
results/dsh_validation/phase1_ablations/checkpoints/reconstruction_only/seed000.pt,model_checkpoint,tractatus-heavy-retained-artifacts-2026-08-14.zip,f38ed4abddf438aa7e9c297244d3db88d35198eeba017c91cc46f646573a69c6,5277817b78b5c54247f5f461cf7e84f370b43efc6d2c1a6f131dfaa62e5566e1,7480832,Removed from Git history; restore from external archive if exact retained artifact is needed.
results/dsh_validation/phase1_ablations/checkpoints/reconstruction_only/seed003.pt,model_checkpoint,tractatus-heavy-retained-artifacts-2026-08-14.zip,f38ed4abddf438aa7e9c297244d3db88d35198eeba017c91cc46f646573a69c6,ed2ba9701f8480c8b3d9832b749cbf30b699b1fa2186514694d705b328d55cb7,7479326,Removed from Git history; restore from external archive if exact retained artifact is needed.
results/dsh_validation/phase1_ablations/checkpoints/reconstruction_only/seed003.vocab.json,model_checkpoint,tractatus-heavy-retained-artifacts-2026-08-14.zip,f38ed4abddf438aa7e9c297244d3db88d35198eeba017c91cc46f646573a69c6,78888d26667b893a581f4e01126f47d7eaacf91c1de795c5b871ce2e57655c72,74991,Removed from Git history; restore from external archive if exact retained artifact is needed.
results/dsh_validation/phase1_ablations/checkpoints/reconstruction_only/seed006.pt,model_checkpoint,tractatus-heavy-retained-artifacts-2026-08-14.zip,f38ed4abddf438aa7e9c297244d3db88d35198eeba017c91cc46f646573a69c6,2562313386d9d8a3d8890af191cf0c0f9da2929a6237c8f5e177829fb18e07e2,7479326,Removed from Git history; restore from external archive if exact retained artifact is needed.
results/dsh_validation/phase1_ablations/checkpoints/reconstruction_only/seed008.vocab.json,model_checkpoint,tractatus-heavy-retained-artifacts-2026-08-14.zip,f38ed4abddf438aa7e9c297244d3db88d35198eeba017c91cc46f646573a69c6,78888d26667b893a581f4e01126f47d7eaacf91c1de795c5b871ce2e57655c72,74991,Removed from Git history; restore from external archive if exact retained artifact is needed.
results/dsh_validation/phase1_ablations/checkpoints/reconstruction_only/seed002.vocab.json,model_checkpoint,tractatus-heavy-retained-artifacts-2026-08-14.zip,f38ed4abddf438aa7e9c297244d3db88d35198eeba017c91cc46f646573a69c6,78888d26667b893a581f4e01126f47d7eaacf91c1de795c5b871ce2e57655c72,74991,Removed from Git history; restore from external archive if exact retained artifact is needed.
results/dsh_validation/phase1_ablations/checkpoints/reconstruction_only/seed005.pt,model_checkpoint,tractatus-heavy-retained-artifacts-2026-08-14.zip,f38ed4abddf438aa7e9c297244d3db88d35198eeba017c91cc46f646573a69c6,c842713f75b2122f9edd6903ad217a796447d370f0b8ea956230349cd70b3b9d,7479326,Removed from Git history; restore from external archive if exact retained artifact is needed.
results/dsh_validation/phase1_ablations/checkpoints/reconstruction_only/seed009.vocab.json,model_checkpoint,tractatus-heavy-retained-artifacts-2026-08-14.zip,f38ed4abddf438aa7e9c297244d3db88d35198eeba017c91cc46f646573a69c6,78888d26667b893a581f4e01126f47d7eaacf91c1de795c5b871ce2e57655c72,74991,Removed from Git history; restore from external archive if exact retained artifact is needed.
results/dsh_validation/phase1_ablations/checkpoints/reconstruction_only/seed001.vocab.json,model_checkpoint,tractatus-heavy-retained-artifacts-2026-08-14.zip,f38ed4abddf438aa7e9c297244d3db88d35198eeba017c91cc46f646573a69c6,78888d26667b893a581f4e01126f47d7eaacf91c1de795c5b871ce2e57655c72,74991,Removed from Git history; restore from external archive if exact retained artifact is needed.
results/dsh_validation/phase1_ablations/checkpoints/reconstruction_only/seed005.vocab.json,model_checkpoint,tractatus-heavy-retained-artifacts-2026-08-14.zip,f38ed4abddf438aa7e9c297244d3db88d35198eeba017c91cc46f646573a69c6,78888d26667b893a581f4e01126f47d7eaacf91c1de795c5b871ce2e57655c72,74991,Removed from Git history; restore from external archive if exact retained artifact is needed.
results/dsh_validation/phase1_ablations/checkpoints/reconstruction_only/seed004.pt,model_checkpoint,tractatus-heavy-retained-artifacts-2026-08-14.zip,f38ed4abddf438aa7e9c297244d3db88d35198eeba017c91cc46f646573a69c6,f3367e8b8aad6236ea62de6ba376d372bf9978954ed1ca3f335db1cc7a6492d4,7480832,Removed from Git history; restore from external archive if exact retained artifact is needed.
results/dsh_validation/phase1_ablations/checkpoints/reconstruction_only/seed007.pt,model_checkpoint,tractatus-heavy-retained-artifacts-2026-08-14.zip,f38ed4abddf438aa7e9c297244d3db88d35198eeba017c91cc46f646573a69c6,89a24b94139bae0b2f519d6ca39161bcf5eccb9584274818f800308798215d8a,7479326,Removed from Git history; restore from external archive if exact retained artifact is needed.
results/dsh_validation/phase1_ablations/checkpoints/reconstruction_only/seed004.vocab.json,model_checkpoint,tractatus-heavy-retained-artifacts-2026-08-14.zip,f38ed4abddf438aa7e9c297244d3db88d35198eeba017c91cc46f646573a69c6,78888d26667b893a581f4e01126f47d7eaacf91c1de795c5b871ce2e57655c72,74991,Removed from Git history; restore from external archive if exact retained artifact is needed.
results/dsh_validation/phase1_ablations/checkpoints/reconstruction_only/seed000.vocab.json,model_checkpoint,tractatus-heavy-retained-artifacts-2026-08-14.zip,f38ed4abddf438aa7e9c297244d3db88d35198eeba017c91cc46f646573a69c6,78888d26667b893a581f4e01126f47d7eaacf91c1de795c5b871ce2e57655c72,74991,Removed from Git history; restore from external archive if exact retained artifact is needed.
results/dsh_validation/phase2_family_holdout/raw/no_successor/fold4_seed002.matched_families.csv,raw_or_per_proposition_output,tractatus-heavy-retained-artifacts-2026-08-14.zip,f38ed4abddf438aa7e9c297244d3db88d35198eeba017c91cc46f646573a69c6,f7bb534bbf02fad4c918d378bdf268a14a32d0406e7d31ae3b18c9ef303fbd09,1979,Removed from Git history; restore from external archive if exact retained artifact is needed.
results/dsh_validation/phase2_family_holdout/raw/no_successor/fold3_seed002.matched_families.csv,raw_or_per_proposition_output,tractatus-heavy-retained-artifacts-2026-08-14.zip,f38ed4abddf438aa7e9c297244d3db88d35198eeba017c91cc46f646573a69c6,117ec0aaac6ba3879ad513751d3df35f08eabaef538ab4a690db501014951ae9,2059,Removed from Git history; restore from external archive if exact retained artifact is needed.
results/dsh_validation/phase2_family_holdout/raw/no_successor/fold3_seed000.matched_families.csv,raw_or_per_proposition_output,tractatus-heavy-retained-artifacts-2026-08-14.zip,f38ed4abddf438aa7e9c297244d3db88d35198eeba017c91cc46f646573a69c6,0ff0cb0a5a65c3628060bda7f0df20e97b42088dc2209929967add76e9b0ff7b,2060,Removed from Git history; restore from external archive if exact retained artifact is needed.
results/dsh_validation/phase2_family_holdout/raw/no_successor/fold1_seed002.matched_families.csv,raw_or_per_proposition_output,tractatus-heavy-retained-artifacts-2026-08-14.zip,f38ed4abddf438aa7e9c297244d3db88d35198eeba017c91cc46f646573a69c6,468b10eee7dd55f7183e11a4485dbdc0db76c1679291d262b50ad093e13bd266,2067,Removed from Git history; restore from external archive if exact retained artifact is needed.
results/dsh_validation/phase2_family_holdout/raw/no_successor/fold3_seed000.per_proposition.parquet,raw_or_per_proposition_output,tractatus-heavy-retained-artifacts-2026-08-14.zip,f38ed4abddf438aa7e9c297244d3db88d35198eeba017c91cc46f646573a69c6,cb642a1dacf4f79df18b98b06a3af18e1b53ddeb0cc2cf1229f3b798f23eb73a,219868,Removed from Git history; restore from external archive if exact retained artifact is needed.
results/dsh_validation/phase2_family_holdout/raw/no_successor/fold2_seed001.per_proposition.parquet,raw_or_per_proposition_output,tractatus-heavy-retained-artifacts-2026-08-14.zip,f38ed4abddf438aa7e9c297244d3db88d35198eeba017c91cc46f646573a69c6,52f573378bc9b0cd259301ce39a835330df3f6ad204eb2e7edaa6a0f2f4bd449,220049,Removed from Git history; restore from external archive if exact retained artifact is needed.
results/dsh_validation/phase2_family_holdout/raw/no_successor/fold1_seed000.per_proposition.parquet,raw_or_per_proposition_output,tractatus-heavy-retained-artifacts-2026-08-14.zip,f38ed4abddf438aa7e9c297244d3db88d35198eeba017c91cc46f646573a69c6,524120842f7050a1da7bd7b626f2600c7d79e3f5904ac7eb8a5ed6d3a904d05f,221521,Removed from Git history; restore from external archive if exact retained artifact is needed.
results/dsh_validation/phase2_family_holdout/raw/no_successor/fold2_seed002.per_proposition.parquet,raw_or_per_proposition_output,tractatus-heavy-retained-artifacts-2026-08-14.zip,f38ed4abddf438aa7e9c297244d3db88d35198eeba017c91cc46f646573a69c6,57d615b145cc439de4ab6967bf90f3bdef4e01886a4798496c63d537853e7716,220423,Removed from Git history; restore from external archive if exact retained artifact is needed.
results/dsh_validation/phase2_family_holdout/raw/no_successor/fold0_seed001.per_proposition.parquet,raw_or_per_proposition_output,tractatus-heavy-retained-artifacts-2026-08-14.zip,f38ed4abddf438aa7e9c297244d3db88d35198eeba017c91cc46f646573a69c6,df972db52a66feff1931dd4181adda61fc6bfe232a0a2fcfa69f99fe4d0637fa,220720,Removed from Git history; restore from external archive if exact retained artifact is needed.
results/dsh_validation/phase2_family_holdout/raw/no_successor/fold0_seed002.matched_families.csv,raw_or_per_proposition_output,tractatus-heavy-retained-artifacts-2026-08-14.zip,f38ed4abddf438aa7e9c297244d3db88d35198eeba017c91cc46f646573a69c6,988e446a2e39d1d1fb5d08ecf9b6f096f62d4a2824c3abf836499d0bed7bb790,2054,Removed from Git history; restore from external archive if exact retained artifact is needed.
results/dsh_validation/phase2_family_holdout/raw/no_successor/fold3_seed002.per_proposition.parquet,raw_or_per_proposition_output,tractatus-heavy-retained-artifacts-2026-08-14.zip,f38ed4abddf438aa7e9c297244d3db88d35198eeba017c91cc46f646573a69c6,d813c24a91c613450dbf1944d7c847e6b6eabc189b6861585a521b1bb3d51a21,219903,Removed from Git history; restore from external archive if exact retained artifact is needed.
results/dsh_validation/phase2_family_holdout/raw/no_successor/fold1_seed001.per_proposition.parquet,raw_or_per_proposition_output,tractatus-heavy-retained-artifacts-2026-08-14.zip,f38ed4abddf438aa7e9c297244d3db88d35198eeba017c91cc46f646573a69c6,516f6210a2c87c3ff60076c360c446225a130e7f5167c3a5f09778cdfe68e9a5,221367,Removed from Git history; restore from external archive if exact retained artifact is needed.
results/dsh_validation/phase2_family_holdout/raw/no_successor/fold4_seed001.matched_families.csv,raw_or_per_proposition_output,tractatus-heavy-retained-artifacts-2026-08-14.zip,f38ed4abddf438aa7e9c297244d3db88d35198eeba017c91cc46f646573a69c6,3de7ee82810adc9dde74c1550222583918e20d5b846647647d6acc838bc0d171,1992,Removed from Git history; restore from external archive if exact retained artifact is needed.
results/dsh_validation/phase2_family_holdout/raw/no_successor/fold3_seed001.per_proposition.parquet,raw_or_per_proposition_output,tractatus-heavy-retained-artifacts-2026-08-14.zip,f38ed4abddf438aa7e9c297244d3db88d35198eeba017c91cc46f646573a69c6,8b6826b217a0ae97089ce962af799de7661444677fcafeebb14e7297fe647d18,219934,Removed from Git history; restore from external archive if exact retained artifact is needed.
results/dsh_validation/phase2_family_holdout/raw/no_successor/fold0_seed002.per_proposition.parquet,raw_or_per_proposition_output,tractatus-heavy-retained-artifacts-2026-08-14.zip,f38ed4abddf438aa7e9c297244d3db88d35198eeba017c91cc46f646573a69c6,188b194b9f484de7d5d1a7122660bfed2ff40e104ac7253b27bd807f4e614513,220169,Removed from Git history; restore from external archive if exact retained artifact is needed.
results/dsh_validation/phase2_family_holdout/raw/no_successor/fold4_seed000.per_proposition.parquet,raw_or_per_proposition_output,tractatus-heavy-retained-artifacts-2026-08-14.zip,f38ed4abddf438aa7e9c297244d3db88d35198eeba017c91cc46f646573a69c6,ad015fe9229657cf0a0d1cc8c263a5d7c8955b70cb2b316200d4a21b8164e029,220304,Removed from Git history; restore from external archive if exact retained artifact is needed.
results/dsh_validation/phase2_family_holdout/raw/no_successor/fold1_seed002.per_proposition.parquet,raw_or_per_proposition_output,tractatus-heavy-retained-artifacts-2026-08-14.zip,f38ed4abddf438aa7e9c297244d3db88d35198eeba017c91cc46f646573a69c6,ad40430f5926de553eb3e6916a1d3aed2199838c143ea2d21c9e0c43575fffed,221882,Removed from Git history; restore from external archive if exact retained artifact is needed.
results/dsh_validation/phase2_family_holdout/raw/no_successor/fold2_seed000.per_proposition.parquet,raw_or_per_proposition_output,tractatus-heavy-retained-artifacts-2026-08-14.zip,f38ed4abddf438aa7e9c297244d3db88d35198eeba017c91cc46f646573a69c6,602eccd3245bc0d5dba0b1723ca85319aa8df1e0c2e94ae59ff1ad0707b7af52,220672,Removed from Git history; restore from external archive if exact retained artifact is needed.
results/dsh_validation/phase2_family_holdout/raw/no_successor/fold4_seed002.per_proposition.parquet,raw_or_per_proposition_output,tractatus-heavy-retained-artifacts-2026-08-14.zip,f38ed4abddf438aa7e9c297244d3db88d35198eeba017c91cc46f646573a69c6,90c6e740647df3d47344d6bd7d9441294552561f618b64f1a8b07ed69bb4382f,220240,Removed from Git history; restore from external archive if exact retained artifact is needed.
results/dsh_validation/phase2_family_holdout/raw/no_successor/fold4_seed001.per_proposition.parquet,raw_or_per_proposition_output,tractatus-heavy-retained-artifacts-2026-08-14.zip,f38ed4abddf438aa7e9c297244d3db88d35198eeba017c91cc46f646573a69c6,cfb7f0e61256abd4b97b8dd429093bd0bcc6626ea1fdcc6a37b73412ffd604a8,220512,Removed from Git history; restore from external archive if exact retained artifact is needed.
results/dsh_validation/phase2_family_holdout/raw/no_successor/fold0_seed001.matched_families.csv,raw_or_per_proposition_output,tractatus-heavy-retained-artifacts-2026-08-14.zip,f38ed4abddf438aa7e9c297244d3db88d35198eeba017c91cc46f646573a69c6,f93c4502ab2fe71fa8975da2e2c99af908b8d40328550c398d65f4a6ce77d8a4,2064,Removed from Git history; restore from external archive if exact retained artifact is needed.
results/dsh_validation/phase2_family_holdout/raw/no_successor/fold1_seed000.matched_families.csv,raw_or_per_proposition_output,tractatus-heavy-retained-artifacts-2026-08-14.zip,f38ed4abddf438aa7e9c297244d3db88d35198eeba017c91cc46f646573a69c6,d4f5bddf7341a02016758f286fb8746dde8cdb80be0a358bc581874269d697de,2067,Removed from Git history; restore from external archive if exact retained artifact is needed.
results/dsh_validation/phase2_family_holdout/raw/no_successor/fold4_seed000.matched_families.csv,raw_or_per_proposition_output,tractatus-heavy-retained-artifacts-2026-08-14.zip,f38ed4abddf438aa7e9c297244d3db88d35198eeba017c91cc46f646573a69c6,f9cba89a067180c3201d97d645df62cd1d2273f53e5e2837e7254881eba3732a,1982,Removed from Git history; restore from external archive if exact retained artifact is needed.
results/dsh_validation/phase2_family_holdout/raw/no_successor/fold2_seed001.matched_families.csv,raw_or_per_proposition_output,tractatus-heavy-retained-artifacts-2026-08-14.zip,f38ed4abddf438aa7e9c297244d3db88d35198eeba017c91cc46f646573a69c6,8d6d14f41d457febf7b796cb43f1eda1cc4567a199aa27bb991f97d32a3bc9e7,2054,Removed from Git history; restore from external archive if exact retained artifact is needed.
results/dsh_validation/phase2_family_holdout/raw/no_successor/fold2_seed002.matched_families.csv,raw_or_per_proposition_output,tractatus-heavy-retained-artifacts-2026-08-14.zip,f38ed4abddf438aa7e9c297244d3db88d35198eeba017c91cc46f646573a69c6,4b3c8e20a540c1e4a6a12d44a18947c2320063465745f6b76c71c1f79a88d3e7,2069,Removed from Git history; restore from external archive if exact retained artifact is needed.
results/dsh_validation/phase2_family_holdout/raw/no_successor/fold3_seed001.matched_families.csv,raw_or_per_proposition_output,tractatus-heavy-retained-artifacts-2026-08-14.zip,f38ed4abddf438aa7e9c297244d3db88d35198eeba017c91cc46f646573a69c6,27e553efd119fee3e31c5ff4123c85e4e3b3760a42626ff6b1695f81ce011f81,2053,Removed from Git history; restore from external archive if exact retained artifact is needed.
results/dsh_validation/phase2_family_holdout/raw/no_successor/fold0_seed000.matched_families.csv,raw_or_per_proposition_output,tractatus-heavy-retained-artifacts-2026-08-14.zip,f38ed4abddf438aa7e9c297244d3db88d35198eeba017c91cc46f646573a69c6,500623225b21543886e6e527f210704e4c849584854943b1cdcf4999b93aa34e,2058,Removed from Git history; restore from external archive if exact retained artifact is needed.
results/dsh_validation/phase2_family_holdout/raw/no_successor/fold2_seed000.matched_families.csv,raw_or_per_proposition_output,tractatus-heavy-retained-artifacts-2026-08-14.zip,f38ed4abddf438aa7e9c297244d3db88d35198eeba017c91cc46f646573a69c6,5a06528b3273fef5126e9eea9e3df79535a1b0433d9af0e69d3b14a8e74a8e62,2053,Removed from Git history; restore from external archive if exact retained artifact is needed.
results/dsh_validation/phase2_family_holdout/raw/no_successor/fold1_seed001.matched_families.csv,raw_or_per_proposition_output,tractatus-heavy-retained-artifacts-2026-08-14.zip,f38ed4abddf438aa7e9c297244d3db88d35198eeba017c91cc46f646573a69c6,291951d2089411f5b13b64d22cac02931c30b1dfdc78ba0d70a352ce9004550f,2060,Removed from Git history; restore from external archive if exact retained artifact is needed.
results/dsh_validation/phase2_family_holdout/raw/no_successor/fold0_seed000.per_proposition.parquet,raw_or_per_proposition_output,tractatus-heavy-retained-artifacts-2026-08-14.zip,f38ed4abddf438aa7e9c297244d3db88d35198eeba017c91cc46f646573a69c6,32b8f3163a21f16c0a8fe6e32fb4b2d5313fcf256e12f2cbd65a1e28477c5ac5,220048,Removed from Git history; restore from external archive if exact retained artifact is needed.
results/dsh_validation/phase2_family_holdout/raw/full_model/fold4_seed002.matched_families.csv,raw_or_per_proposition_output,tractatus-heavy-retained-artifacts-2026-08-14.zip,f38ed4abddf438aa7e9c297244d3db88d35198eeba017c91cc46f646573a69c6,5d27ff739c08d2f16bb7c4a86e0a710be33ee0acbc7414811f767dd1b8b0563b,1948,Removed from Git history; restore from external archive if exact retained artifact is needed.
results/dsh_validation/phase2_family_holdout/raw/full_model/fold3_seed002.matched_families.csv,raw_or_per_proposition_output,tractatus-heavy-retained-artifacts-2026-08-14.zip,f38ed4abddf438aa7e9c297244d3db88d35198eeba017c91cc46f646573a69c6,6c9f39499b1fcf432d6c3be93b87114124c5747e07a43e6d07e0f51c04f6a02e,2014,Removed from Git history; restore from external archive if exact retained artifact is needed.
results/dsh_validation/phase2_family_holdout/raw/full_model/fold3_seed000.matched_families.csv,raw_or_per_proposition_output,tractatus-heavy-retained-artifacts-2026-08-14.zip,f38ed4abddf438aa7e9c297244d3db88d35198eeba017c91cc46f646573a69c6,dcfe114a26736c5f3796a557895d9b983c5b2e94a956b93974cc7fd5b0118c1a,2006,Removed from Git history; restore from external archive if exact retained artifact is needed.
results/dsh_validation/phase2_family_holdout/raw/full_model/fold1_seed002.matched_families.csv,raw_or_per_proposition_output,tractatus-heavy-retained-artifacts-2026-08-14.zip,f38ed4abddf438aa7e9c297244d3db88d35198eeba017c91cc46f646573a69c6,9a662c11ab293589f077070bce767ea637adb1eafcd1dabc61c16e642b635161,2026,Removed from Git history; restore from external archive if exact retained artifact is needed.
results/dsh_validation/phase2_family_holdout/raw/full_model/fold3_seed000.per_proposition.parquet,raw_or_per_proposition_output,tractatus-heavy-retained-artifacts-2026-08-14.zip,f38ed4abddf438aa7e9c297244d3db88d35198eeba017c91cc46f646573a69c6,857aa698fecb634d64a1973947457c4287f2d9f12388ace327b4ffc78f5a6185,220125,Removed from Git history; restore from external archive if exact retained artifact is needed.
results/dsh_validation/phase2_family_holdout/raw/full_model/fold2_seed001.per_proposition.parquet,raw_or_per_proposition_output,tractatus-heavy-retained-artifacts-2026-08-14.zip,f38ed4abddf438aa7e9c297244d3db88d35198eeba017c91cc46f646573a69c6,10a11157f40d00f29c7b03f98aa17fb3fb430382a2a29347b8fb95c228aac34c,220084,Removed from Git history; restore from external archive if exact retained artifact is needed.
results/dsh_validation/phase2_family_holdout/raw/full_model/fold1_seed000.per_proposition.parquet,raw_or_per_proposition_output,tractatus-heavy-retained-artifacts-2026-08-14.zip,f38ed4abddf438aa7e9c297244d3db88d35198eeba017c91cc46f646573a69c6,8d0763c79ce960b8b8477508884b2aedeaba3623ad7145b0d09b51af099353c2,221641,Removed from Git history; restore from external archive if exact retained artifact is needed.
results/dsh_validation/phase2_family_holdout/raw/full_model/fold2_seed002.per_proposition.parquet,raw_or_per_proposition_output,tractatus-heavy-retained-artifacts-2026-08-14.zip,f38ed4abddf438aa7e9c297244d3db88d35198eeba017c91cc46f646573a69c6,df303361d17f241a159148fbf2feada48ac149b229d2c55ba7ba8d489f109ad9,220342,Removed from Git history; restore from external archive if exact retained artifact is needed.
results/dsh_validation/phase2_family_holdout/raw/full_model/fold0_seed001.per_proposition.parquet,raw_or_per_proposition_output,tractatus-heavy-retained-artifacts-2026-08-14.zip,f38ed4abddf438aa7e9c297244d3db88d35198eeba017c91cc46f646573a69c6,6f3a7ca0049d109c12ebb87b7871385b45504d1999065d313ada56255bbb35b8,220776,Removed from Git history; restore from external archive if exact retained artifact is needed.
results/dsh_validation/phase2_family_holdout/raw/full_model/fold0_seed002.matched_families.csv,raw_or_per_proposition_output,tractatus-heavy-retained-artifacts-2026-08-14.zip,f38ed4abddf438aa7e9c297244d3db88d35198eeba017c91cc46f646573a69c6,37566e3d697546bd6d334a1146f64f7c748a8c24ef26fda16604b5aa26326b15,2021,Removed from Git history; restore from external archive if exact retained artifact is needed.
results/dsh_validation/phase2_family_holdout/raw/full_model/fold3_seed002.per_proposition.parquet,raw_or_per_proposition_output,tractatus-heavy-retained-artifacts-2026-08-14.zip,f38ed4abddf438aa7e9c297244d3db88d35198eeba017c91cc46f646573a69c6,131947fc4a85b4c6883ce1956bcf0e09ac9bbf3633529563579a27a15e07b93c,220210,Removed from Git history; restore from external archive if exact retained artifact is needed.
results/dsh_validation/phase2_family_holdout/raw/full_model/fold1_seed001.per_proposition.parquet,raw_or_per_proposition_output,tractatus-heavy-retained-artifacts-2026-08-14.zip,f38ed4abddf438aa7e9c297244d3db88d35198eeba017c91cc46f646573a69c6,86fdb31ad876482dfa18b9b171226834b6bc32f5a0aa263ff0ec1623d5aefc2c,221858,Removed from Git history; restore from external archive if exact retained artifact is needed.
results/dsh_validation/phase2_family_holdout/raw/full_model/fold4_seed001.matched_families.csv,raw_or_per_proposition_output,tractatus-heavy-retained-artifacts-2026-08-14.zip,f38ed4abddf438aa7e9c297244d3db88d35198eeba017c91cc46f646573a69c6,dff5d9908bf4b391d0e9a5fe8ffe4507054a28288b4e610510e377d60e8475b1,1952,Removed from Git history; restore from external archive if exact retained artifact is needed.
results/dsh_validation/phase2_family_holdout/raw/full_model/fold3_seed001.per_proposition.parquet,raw_or_per_proposition_output,tractatus-heavy-retained-artifacts-2026-08-14.zip,f38ed4abddf438aa7e9c297244d3db88d35198eeba017c91cc46f646573a69c6,dffdcd0147a633532ed23ecea592c4584659ea774cb9d717df8a8b304a71d5b8,220901,Removed from Git history; restore from external archive if exact retained artifact is needed.
results/dsh_validation/phase2_family_holdout/raw/full_model/fold0_seed002.per_proposition.parquet,raw_or_per_proposition_output,tractatus-heavy-retained-artifacts-2026-08-14.zip,f38ed4abddf438aa7e9c297244d3db88d35198eeba017c91cc46f646573a69c6,4313dda31e850b5691e6757ec7de7ad20918b1e20e2849a624d6983f082577c1,220432,Removed from Git history; restore from external archive if exact retained artifact is needed.
results/dsh_validation/phase2_family_holdout/raw/full_model/fold4_seed000.per_proposition.parquet,raw_or_per_proposition_output,tractatus-heavy-retained-artifacts-2026-08-14.zip,f38ed4abddf438aa7e9c297244d3db88d35198eeba017c91cc46f646573a69c6,0ee7cfef88d1604e5731184c66a510e5380298660fdd8eeea72731d0b8bce22d,220428,Removed from Git history; restore from external archive if exact retained artifact is needed.
results/dsh_validation/phase2_family_holdout/raw/full_model/fold1_seed002.per_proposition.parquet,raw_or_per_proposition_output,tractatus-heavy-retained-artifacts-2026-08-14.zip,f38ed4abddf438aa7e9c297244d3db88d35198eeba017c91cc46f646573a69c6,9fb07e8eaba61c5fc1bae4d663127d7015baf4aeb61ad9359abdbe97889f0eda,221858,Removed from Git history; restore from external archive if exact retained artifact is needed.
results/dsh_validation/phase2_family_holdout/raw/full_model/fold2_seed000.per_proposition.parquet,raw_or_per_proposition_output,tractatus-heavy-retained-artifacts-2026-08-14.zip,f38ed4abddf438aa7e9c297244d3db88d35198eeba017c91cc46f646573a69c6,f36a18f381bcde8414f2198b5033c03f1be566cdabaceeec40cb66ac2b84456f,220281,Removed from Git history; restore from external archive if exact retained artifact is needed.
results/dsh_validation/phase2_family_holdout/raw/full_model/fold4_seed002.per_proposition.parquet,raw_or_per_proposition_output,tractatus-heavy-retained-artifacts-2026-08-14.zip,f38ed4abddf438aa7e9c297244d3db88d35198eeba017c91cc46f646573a69c6,4251e5918c8d90b0b19814bcbc750f4f2f6f5c2b9a226c2008f45205523aa678,221007,Removed from Git history; restore from external archive if exact retained artifact is needed.
results/dsh_validation/phase2_family_holdout/raw/full_model/fold4_seed001.per_proposition.parquet,raw_or_per_proposition_output,tractatus-heavy-retained-artifacts-2026-08-14.zip,f38ed4abddf438aa7e9c297244d3db88d35198eeba017c91cc46f646573a69c6,1a325a0bbb721982fcf49aa28b86ee3c11e2e2e4d1f3a9d0d01cdeb314ad9413,220665,Removed from Git history; restore from external archive if exact retained artifact is needed.
results/dsh_validation/phase2_family_holdout/raw/full_model/fold0_seed001.matched_families.csv,raw_or_per_proposition_output,tractatus-heavy-retained-artifacts-2026-08-14.zip,f38ed4abddf438aa7e9c297244d3db88d35198eeba017c91cc46f646573a69c6,de27d72c661e63e1106a2692a35ec1e406c5fcff8aa082112a47a8e94debccb2,2018,Removed from Git history; restore from external archive if exact retained artifact is needed.
results/dsh_validation/phase2_family_holdout/raw/full_model/fold1_seed000.matched_families.csv,raw_or_per_proposition_output,tractatus-heavy-retained-artifacts-2026-08-14.zip,f38ed4abddf438aa7e9c297244d3db88d35198eeba017c91cc46f646573a69c6,53e9e85fe3b12383910ae6734cb4f704b99ca9dab39b1549f206576af3ba257c,2017,Removed from Git history; restore from external archive if exact retained artifact is needed.
results/dsh_validation/phase2_family_holdout/raw/full_model/fold4_seed000.matched_families.csv,raw_or_per_proposition_output,tractatus-heavy-retained-artifacts-2026-08-14.zip,f38ed4abddf438aa7e9c297244d3db88d35198eeba017c91cc46f646573a69c6,2302f6a3b5e7a7cb39a11c807a5da536881dd58251a4e31d8cd1cdad69e32801,1945,Removed from Git history; restore from external archive if exact retained artifact is needed.
results/dsh_validation/phase2_family_holdout/raw/full_model/fold2_seed001.matched_families.csv,raw_or_per_proposition_output,tractatus-heavy-retained-artifacts-2026-08-14.zip,f38ed4abddf438aa7e9c297244d3db88d35198eeba017c91cc46f646573a69c6,4a9708fe9f1db98d2c7e26740b0be4364c59d1d3c1663e1eea4c11430d3cb29b,2003,Removed from Git history; restore from external archive if exact retained artifact is needed.
results/dsh_validation/phase2_family_holdout/raw/full_model/fold2_seed002.matched_families.csv,raw_or_per_proposition_output,tractatus-heavy-retained-artifacts-2026-08-14.zip,f38ed4abddf438aa7e9c297244d3db88d35198eeba017c91cc46f646573a69c6,889ebc54ec485db60e76116abfae8d4cdd14691f58b16a8567f3ae85a59bceb2,2021,Removed from Git history; restore from external archive if exact retained artifact is needed.
results/dsh_validation/phase2_family_holdout/raw/full_model/fold3_seed001.matched_families.csv,raw_or_per_proposition_output,tractatus-heavy-retained-artifacts-2026-08-14.zip,f38ed4abddf438aa7e9c297244d3db88d35198eeba017c91cc46f646573a69c6,d38a1b9824f5e86d7ed545c1f42ab8c38744f3693a7216335932464a9d469e94,2007,Removed from Git history; restore from external archive if exact retained artifact is needed.
results/dsh_validation/phase2_family_holdout/raw/full_model/fold0_seed000.matched_families.csv,raw_or_per_proposition_output,tractatus-heavy-retained-artifacts-2026-08-14.zip,f38ed4abddf438aa7e9c297244d3db88d35198eeba017c91cc46f646573a69c6,1daf85cd47ce896274bc8c38f53c3da7ed0247f3c7e741c63a3d8e14f629e4d0,2025,Removed from Git history; restore from external archive if exact retained artifact is needed.
results/dsh_validation/phase2_family_holdout/raw/full_model/fold2_seed000.matched_families.csv,raw_or_per_proposition_output,tractatus-heavy-retained-artifacts-2026-08-14.zip,f38ed4abddf438aa7e9c297244d3db88d35198eeba017c91cc46f646573a69c6,39f469656128e9e45ed1dc3b1b4258c0ce841815e65bbd02cd696bdaebcf2e46,2023,Removed from Git history; restore from external archive if exact retained artifact is needed.
results/dsh_validation/phase2_family_holdout/raw/full_model/fold1_seed001.matched_families.csv,raw_or_per_proposition_output,tractatus-heavy-retained-artifacts-2026-08-14.zip,f38ed4abddf438aa7e9c297244d3db88d35198eeba017c91cc46f646573a69c6,d29dc3d3b33afec2295079b5615e462c8e42d016878ea9c5edcecb661024b84d,2022,Removed from Git history; restore from external archive if exact retained artifact is needed.
results/dsh_validation/phase2_family_holdout/raw/full_model/fold0_seed000.per_proposition.parquet,raw_or_per_proposition_output,tractatus-heavy-retained-artifacts-2026-08-14.zip,f38ed4abddf438aa7e9c297244d3db88d35198eeba017c91cc46f646573a69c6,da5a81afc0474ff15b57d71dd9b8c5854c168dbadff5f7b3fb0ecde669eea97d,220141,Removed from Git history; restore from external archive if exact retained artifact is needed.
results/dsh_validation/phase2_family_holdout/raw/reconstruction_only/fold4_seed002.matched_families.csv,raw_or_per_proposition_output,tractatus-heavy-retained-artifacts-2026-08-14.zip,f38ed4abddf438aa7e9c297244d3db88d35198eeba017c91cc46f646573a69c6,46dcd710f605ce189e314b92ea5003790d1f65f8bfd3382aa354e290434ba41e,2208,Removed from Git history; restore from external archive if exact retained artifact is needed.
results/dsh_validation/phase2_family_holdout/raw/reconstruction_only/fold3_seed002.matched_families.csv,raw_or_per_proposition_output,tractatus-heavy-retained-artifacts-2026-08-14.zip,f38ed4abddf438aa7e9c297244d3db88d35198eeba017c91cc46f646573a69c6,5af961133c12438d1a839943aa3fdb3de94f2bbe44fcda56622113961c00d729,2278,Removed from Git history; restore from external archive if exact retained artifact is needed.
results/dsh_validation/phase2_family_holdout/raw/reconstruction_only/fold3_seed000.matched_families.csv,raw_or_per_proposition_output,tractatus-heavy-retained-artifacts-2026-08-14.zip,f38ed4abddf438aa7e9c297244d3db88d35198eeba017c91cc46f646573a69c6,ff2392ea30c1a92039402a72bcdc6b0ed5754403beca165ad614b3232f756202,2295,Removed from Git history; restore from external archive if exact retained artifact is needed.
results/dsh_validation/phase2_family_holdout/raw/reconstruction_only/fold1_seed002.matched_families.csv,raw_or_per_proposition_output,tractatus-heavy-retained-artifacts-2026-08-14.zip,f38ed4abddf438aa7e9c297244d3db88d35198eeba017c91cc46f646573a69c6,6f4b096e7fc33fae946c3a400aaa454ad32d01af8bfd1c5459591c31e680fa84,2296,Removed from Git history; restore from external archive if exact retained artifact is needed.
results/dsh_validation/phase2_family_holdout/raw/reconstruction_only/fold3_seed000.per_proposition.parquet,raw_or_per_proposition_output,tractatus-heavy-retained-artifacts-2026-08-14.zip,f38ed4abddf438aa7e9c297244d3db88d35198eeba017c91cc46f646573a69c6,1e9a4a76f7537130eb002614d65f24b019cef98bccbb4c8004db5e159a000b19,220222,Removed from Git history; restore from external archive if exact retained artifact is needed.
results/dsh_validation/phase2_family_holdout/raw/reconstruction_only/fold2_seed001.per_proposition.parquet,raw_or_per_proposition_output,tractatus-heavy-retained-artifacts-2026-08-14.zip,f38ed4abddf438aa7e9c297244d3db88d35198eeba017c91cc46f646573a69c6,54ecfceb20bea1c113a9e5c273678ca9cb7982bd3388d6fd0cf42f6d3a0216fb,220112,Removed from Git history; restore from external archive if exact retained artifact is needed.
results/dsh_validation/phase2_family_holdout/raw/reconstruction_only/fold1_seed000.per_proposition.parquet,raw_or_per_proposition_output,tractatus-heavy-retained-artifacts-2026-08-14.zip,f38ed4abddf438aa7e9c297244d3db88d35198eeba017c91cc46f646573a69c6,778430c0aa2a9f619a222bbf38cb46e90bcff0b02ba975d027d29eb57a456f5f,221705,Removed from Git history; restore from external archive if exact retained artifact is needed.
results/dsh_validation/phase2_family_holdout/raw/reconstruction_only/fold2_seed002.per_proposition.parquet,raw_or_per_proposition_output,tractatus-heavy-retained-artifacts-2026-08-14.zip,f38ed4abddf438aa7e9c297244d3db88d35198eeba017c91cc46f646573a69c6,d3f46f5fa7deb65bb439eb660d5d6b67bbf26abea429952f1af01a39ce106367,220710,Removed from Git history; restore from external archive if exact retained artifact is needed.
results/dsh_validation/phase2_family_holdout/raw/reconstruction_only/fold0_seed001.per_proposition.parquet,raw_or_per_proposition_output,tractatus-heavy-retained-artifacts-2026-08-14.zip,f38ed4abddf438aa7e9c297244d3db88d35198eeba017c91cc46f646573a69c6,1824aa53f341ea55ee503e8c104a53067f063ae2756334c3b0d8b2289c7d1fa1,220207,Removed from Git history; restore from external archive if exact retained artifact is needed.
results/dsh_validation/phase2_family_holdout/raw/reconstruction_only/fold0_seed002.matched_families.csv,raw_or_per_proposition_output,tractatus-heavy-retained-artifacts-2026-08-14.zip,f38ed4abddf438aa7e9c297244d3db88d35198eeba017c91cc46f646573a69c6,68ea72621cf76293461c5d22ea47c37e3e717574ef6843358b46da40b172f0f7,2298,Removed from Git history; restore from external archive if exact retained artifact is needed.
results/dsh_validation/phase2_family_holdout/raw/reconstruction_only/fold3_seed002.per_proposition.parquet,raw_or_per_proposition_output,tractatus-heavy-retained-artifacts-2026-08-14.zip,f38ed4abddf438aa7e9c297244d3db88d35198eeba017c91cc46f646573a69c6,901450c2ceab09c3044888cbe668a74eb42cc27434ce2574ac44de364103c7bb,220180,Removed from Git history; restore from external archive if exact retained artifact is needed.
results/dsh_validation/phase2_family_holdout/raw/reconstruction_only/fold1_seed001.per_proposition.parquet,raw_or_per_proposition_output,tractatus-heavy-retained-artifacts-2026-08-14.zip,f38ed4abddf438aa7e9c297244d3db88d35198eeba017c91cc46f646573a69c6,ab60ddcfd6ccdfa2396f10eb3365107f54e8cc3c740dc4e2efbcacb9a05c7410,221270,Removed from Git history; restore from external archive if exact retained artifact is needed.
results/dsh_validation/phase2_family_holdout/raw/reconstruction_only/fold4_seed001.matched_families.csv,raw_or_per_proposition_output,tractatus-heavy-retained-artifacts-2026-08-14.zip,f38ed4abddf438aa7e9c297244d3db88d35198eeba017c91cc46f646573a69c6,d01379ba7f71a40b42ffc065af6eef5237ac5a14b5574f0ae5e8cf57739c5e6d,2188,Removed from Git history; restore from external archive if exact retained artifact is needed.
results/dsh_validation/phase2_family_holdout/raw/reconstruction_only/fold3_seed001.per_proposition.parquet,raw_or_per_proposition_output,tractatus-heavy-retained-artifacts-2026-08-14.zip,f38ed4abddf438aa7e9c297244d3db88d35198eeba017c91cc46f646573a69c6,2234024e1ed03a17d066c904cc30bd0e7eb9bef65ced66431dc62d0d6c87c35f,220767,Removed from Git history; restore from external archive if exact retained artifact is needed.
results/dsh_validation/phase2_family_holdout/raw/reconstruction_only/fold0_seed002.per_proposition.parquet,raw_or_per_proposition_output,tractatus-heavy-retained-artifacts-2026-08-14.zip,f38ed4abddf438aa7e9c297244d3db88d35198eeba017c91cc46f646573a69c6,04971201b9e6fdef1757efa6075d22673e94a7d91ccdfc1a0140f62db49741ba,220609,Removed from Git history; restore from external archive if exact retained artifact is needed.
results/dsh_validation/phase2_family_holdout/raw/reconstruction_only/fold4_seed000.per_proposition.parquet,raw_or_per_proposition_output,tractatus-heavy-retained-artifacts-2026-08-14.zip,f38ed4abddf438aa7e9c297244d3db88d35198eeba017c91cc46f646573a69c6,4e86440486e68fca109b1710f9cc8021a391ab915af198999e97bf00836097bb,220055,Removed from Git history; restore from external archive if exact retained artifact is needed.
results/dsh_validation/phase2_family_holdout/raw/reconstruction_only/fold1_seed002.per_proposition.parquet,raw_or_per_proposition_output,tractatus-heavy-retained-artifacts-2026-08-14.zip,f38ed4abddf438aa7e9c297244d3db88d35198eeba017c91cc46f646573a69c6,94474c76676a08838a5de4815685cb2f605eaf89cb94bc7af85a5d440d6d16c7,221462,Removed from Git history; restore from external archive if exact retained artifact is needed.
results/dsh_validation/phase2_family_holdout/raw/reconstruction_only/fold2_seed000.per_proposition.parquet,raw_or_per_proposition_output,tractatus-heavy-retained-artifacts-2026-08-14.zip,f38ed4abddf438aa7e9c297244d3db88d35198eeba017c91cc46f646573a69c6,5596c6acf9fdd14ee8496dace17243b16dc3f030a8ff8ae3e5042c10d830024e,220471,Removed from Git history; restore from external archive if exact retained artifact is needed.
results/dsh_validation/phase2_family_holdout/raw/reconstruction_only/fold4_seed002.per_proposition.parquet,raw_or_per_proposition_output,tractatus-heavy-retained-artifacts-2026-08-14.zip,f38ed4abddf438aa7e9c297244d3db88d35198eeba017c91cc46f646573a69c6,aeebdb3792dea5ab4f98a28a29f7b120404d727437a4cec44ad10ce1764122d8,220481,Removed from Git history; restore from external archive if exact retained artifact is needed.
results/dsh_validation/phase2_family_holdout/raw/reconstruction_only/fold4_seed001.per_proposition.parquet,raw_or_per_proposition_output,tractatus-heavy-retained-artifacts-2026-08-14.zip,f38ed4abddf438aa7e9c297244d3db88d35198eeba017c91cc46f646573a69c6,08eb87806dafd4afc72d9cd79521f7fc109fbf25bad95c6d9df6a66463d62d45,220385,Removed from Git history; restore from external archive if exact retained artifact is needed.
results/dsh_validation/phase2_family_holdout/raw/reconstruction_only/fold0_seed001.matched_families.csv,raw_or_per_proposition_output,tractatus-heavy-retained-artifacts-2026-08-14.zip,f38ed4abddf438aa7e9c297244d3db88d35198eeba017c91cc46f646573a69c6,3dacac055dcdbfe790529f624b96b358a38c67e3c1301b570b3be471afcaa57a,2298,Removed from Git history; restore from external archive if exact retained artifact is needed.
results/dsh_validation/phase2_family_holdout/raw/reconstruction_only/fold1_seed000.matched_families.csv,raw_or_per_proposition_output,tractatus-heavy-retained-artifacts-2026-08-14.zip,f38ed4abddf438aa7e9c297244d3db88d35198eeba017c91cc46f646573a69c6,501aaa250232fa896f8bdb09e4f2d8355cecc5e7cbe3794efd88661b1c9a353a,2305,Removed from Git history; restore from external archive if exact retained artifact is needed.
results/dsh_validation/phase2_family_holdout/raw/reconstruction_only/fold4_seed000.matched_families.csv,raw_or_per_proposition_output,tractatus-heavy-retained-artifacts-2026-08-14.zip,f38ed4abddf438aa7e9c297244d3db88d35198eeba017c91cc46f646573a69c6,4a5993b9015ac365063f41a6bac1336fdf932573bb788f999b1c36645a0df069,2200,Removed from Git history; restore from external archive if exact retained artifact is needed.
results/dsh_validation/phase2_family_holdout/raw/reconstruction_only/fold2_seed001.matched_families.csv,raw_or_per_proposition_output,tractatus-heavy-retained-artifacts-2026-08-14.zip,f38ed4abddf438aa7e9c297244d3db88d35198eeba017c91cc46f646573a69c6,9f5bf4f39cbd31bc4d11133e8e5220133c10f1fc14c2eed99f99e1896c36a7b1,2287,Removed from Git history; restore from external archive if exact retained artifact is needed.
results/dsh_validation/phase2_family_holdout/raw/reconstruction_only/fold2_seed002.matched_families.csv,raw_or_per_proposition_output,tractatus-heavy-retained-artifacts-2026-08-14.zip,f38ed4abddf438aa7e9c297244d3db88d35198eeba017c91cc46f646573a69c6,34c603b4fdfda054ce8e78258da6b154803d5f564ffe153b3377f4590ad24855,2296,Removed from Git history; restore from external archive if exact retained artifact is needed.
results/dsh_validation/phase2_family_holdout/raw/reconstruction_only/fold3_seed001.matched_families.csv,raw_or_per_proposition_output,tractatus-heavy-retained-artifacts-2026-08-14.zip,f38ed4abddf438aa7e9c297244d3db88d35198eeba017c91cc46f646573a69c6,5868347ead4e9b1d771ababfb2f7531f720954454795de8439af785138c892a6,2287,Removed from Git history; restore from external archive if exact retained artifact is needed.
results/dsh_validation/phase2_family_holdout/raw/reconstruction_only/fold0_seed000.matched_families.csv,raw_or_per_proposition_output,tractatus-heavy-retained-artifacts-2026-08-14.zip,f38ed4abddf438aa7e9c297244d3db88d35198eeba017c91cc46f646573a69c6,2f26722fab8337313bb5103e3db8643fee121a2db8f33eabaef32c0d3bd2d5ff,2291,Removed from Git history; restore from external archive if exact retained artifact is needed.
results/dsh_validation/phase2_family_holdout/raw/reconstruction_only/fold2_seed000.matched_families.csv,raw_or_per_proposition_output,tractatus-heavy-retained-artifacts-2026-08-14.zip,f38ed4abddf438aa7e9c297244d3db88d35198eeba017c91cc46f646573a69c6,9a0fac4e11b1231f626c6685886f6b5bfce12ff11d4f2c1ca71c5a14c32e7e92,2304,Removed from Git history; restore from external archive if exact retained artifact is needed.
results/dsh_validation/phase2_family_holdout/raw/reconstruction_only/fold1_seed001.matched_families.csv,raw_or_per_proposition_output,tractatus-heavy-retained-artifacts-2026-08-14.zip,f38ed4abddf438aa7e9c297244d3db88d35198eeba017c91cc46f646573a69c6,a493f855c0ace1fcf5fb9eddda34e3b0d0156d8857428ff8fdca344cc50528cb,2292,Removed from Git history; restore from external archive if exact retained artifact is needed.
results/dsh_validation/phase2_family_holdout/raw/reconstruction_only/fold0_seed000.per_proposition.parquet,raw_or_per_proposition_output,tractatus-heavy-retained-artifacts-2026-08-14.zip,f38ed4abddf438aa7e9c297244d3db88d35198eeba017c91cc46f646573a69c6,87424e7c69d24164e5f97be2f12afaaee3f12657ffb761e14f3c7489be887885,220263,Removed from Git history; restore from external archive if exact retained artifact is needed.
results/dsh_validation/phase2_family_holdout/smoke/per_seed/full_model/fold0_seed000.metrics.json,smoke_output,tractatus-heavy-retained-artifacts-2026-08-14.zip,f38ed4abddf438aa7e9c297244d3db88d35198eeba017c91cc46f646573a69c6,373f40fe4a302c29f656e7a01e8f8bd07d7ae0376f51549e1b6b2c1a95bd9a33,8125,Removed from Git history; restore from external archive if exact retained artifact is needed.
results/dsh_validation/phase2_family_holdout/smoke/per_seed/reconstruction_only/fold0_seed000.metrics.json,smoke_output,tractatus-heavy-retained-artifacts-2026-08-14.zip,f38ed4abddf438aa7e9c297244d3db88d35198eeba017c91cc46f646573a69c6,d34ee8713051c245312231426a2832ad981239933c5b399437da43e8c9d7a1eb,8120,Removed from Git history; restore from external archive if exact retained artifact is needed.
results/dsh_validation/phase2_family_holdout/smoke/raw/full_model/fold0_seed000.matched_families.csv,raw_or_per_proposition_output,tractatus-heavy-retained-artifacts-2026-08-14.zip,f38ed4abddf438aa7e9c297244d3db88d35198eeba017c91cc46f646573a69c6,dbd6b31156571eb56aa613c296427a0000a1bf5d3db4a0bc8106e8359d4ccaa6,1724,Removed from Git history; restore from external archive if exact retained artifact is needed.
results/dsh_validation/phase2_family_holdout/smoke/raw/full_model/fold0_seed000.per_proposition.parquet,raw_or_per_proposition_output,tractatus-heavy-retained-artifacts-2026-08-14.zip,f38ed4abddf438aa7e9c297244d3db88d35198eeba017c91cc46f646573a69c6,b29a4c43dfbb4e8cb2229271126ac9f0e27413889184d8965211e47c1eeb5983,219024,Removed from Git history; restore from external archive if exact retained artifact is needed.
results/dsh_validation/phase2_family_holdout/smoke/raw/reconstruction_only/fold0_seed000.matched_families.csv,raw_or_per_proposition_output,tractatus-heavy-retained-artifacts-2026-08-14.zip,f38ed4abddf438aa7e9c297244d3db88d35198eeba017c91cc46f646573a69c6,d56491e5f68b8b1c45818de25fbd08556c24817f3eab4d6022aa595646b7eccf,1921,Removed from Git history; restore from external archive if exact retained artifact is needed.
results/dsh_validation/phase2_family_holdout/smoke/raw/reconstruction_only/fold0_seed000.per_proposition.parquet,raw_or_per_proposition_output,tractatus-heavy-retained-artifacts-2026-08-14.zip,f38ed4abddf438aa7e9c297244d3db88d35198eeba017c91cc46f646573a69c6,18f7b7c0cb264857a25151d96e8cc364ee8577009dc72937c764afba7f600474,219629,Removed from Git history; restore from external archive if exact retained artifact is needed.
results/dsh_validation/phase2_family_holdout/smoke/phase2_commands.sh,smoke_output,tractatus-heavy-retained-artifacts-2026-08-14.zip,f38ed4abddf438aa7e9c297244d3db88d35198eeba017c91cc46f646573a69c6,148ebf0ff3abb39bd4aeeea53b0326f6e9100b2523a3eb04fe1170c65d73d524,3023,Removed from Git history; restore from external archive if exact retained artifact is needed.
results/dsh_validation/phase2_family_holdout/smoke/phase2_verification_report.md,smoke_output,tractatus-heavy-retained-artifacts-2026-08-14.zip,f38ed4abddf438aa7e9c297244d3db88d35198eeba017c91cc46f646573a69c6,49d56eb10940aca0117b1555e5c526f66a7a32af2956f6320ff093c2e33cf6ad,2204,Removed from Git history; restore from external archive if exact retained artifact is needed.
results/dsh_validation/phase2_family_holdout/smoke/phase2_leakage_checks.md,smoke_output,tractatus-heavy-retained-artifacts-2026-08-14.zip,f38ed4abddf438aa7e9c297244d3db88d35198eeba017c91cc46f646573a69c6,641ccbbbe07c2e42fbd6d1adc035c700693a2fd2317e72034ef6c5e77d70d5d4,1286,Removed from Git history; restore from external archive if exact retained artifact is needed.
results/dsh_validation/phase2_family_holdout/smoke/phase2_summary.csv,smoke_output,tractatus-heavy-retained-artifacts-2026-08-14.zip,f38ed4abddf438aa7e9c297244d3db88d35198eeba017c91cc46f646573a69c6,a3cfb48b079c1b8cea9aa50c6141f5581aa967eebe385fb422fe0ebfa28c1ea0,30523,Removed from Git history; restore from external archive if exact retained artifact is needed.
results/dsh_validation/phase2_family_holdout/smoke/phase2_config_manifest.json,smoke_output,tractatus-heavy-retained-artifacts-2026-08-14.zip,f38ed4abddf438aa7e9c297244d3db88d35198eeba017c91cc46f646573a69c6,3612cc3b0e4f339c04dadb59606ec81eb307fda38bedf3382d93c2a6c82f43bb,12407,Removed from Git history; restore from external archive if exact retained artifact is needed.
results/dsh_validation/phase2_family_holdout/smoke/phase2_per_proposition_results.parquet,raw_or_per_proposition_output,tractatus-heavy-retained-artifacts-2026-08-14.zip,f38ed4abddf438aa7e9c297244d3db88d35198eeba017c91cc46f646573a69c6,489f6f5f5b2a71d4cfec8c3e4c55c9fbc2d55568f88ae5885620c15aca9cd314,354581,Removed from Git history; restore from external archive if exact retained artifact is needed.
results/dsh_validation/phase2_family_holdout/smoke/figures/structure_complete_candidates_top1.png,smoke_output,tractatus-heavy-retained-artifacts-2026-08-14.zip,f38ed4abddf438aa7e9c297244d3db88d35198eeba017c91cc46f646573a69c6,0954dac5e7a4024238e6c5539a1559df53b19ceac12e97a629b9cc41c425a0f9,232683,Removed from Git history; restore from external archive if exact retained artifact is needed.
results/dsh_validation/phase2_family_holdout/smoke/figures/structure_test_candidates_top1.png,smoke_output,tractatus-heavy-retained-artifacts-2026-08-14.zip,f38ed4abddf438aa7e9c297244d3db88d35198eeba017c91cc46f646573a69c6,a1aa09c32c18842d1fb27a63ecfa2e7df042cf6726ec3d1b501ba0a2346026d1,240338,Removed from Git history; restore from external archive if exact retained artifact is needed.
results/dsh_validation/phase2_family_holdout/smoke/figures/structure_sibling_vs_matched_unrelated_contrast.png,smoke_output,tractatus-heavy-retained-artifacts-2026-08-14.zip,f38ed4abddf438aa7e9c297244d3db88d35198eeba017c91cc46f646573a69c6,c7f679c23bc0f7e7024c995bbb13138e9d10ad00c22b721aa0b522d1b94c8339,188547,Removed from Git history; restore from external archive if exact retained artifact is needed.
results/dsh_validation/phase2_family_holdout/smoke/figures/text_test_candidates_top1.png,smoke_output,tractatus-heavy-retained-artifacts-2026-08-14.zip,f38ed4abddf438aa7e9c297244d3db88d35198eeba017c91cc46f646573a69c6,892ea1de134b227e17d34cb929f089883553c5a948fe737aba856ce0526b9949,234624,Removed from Git history; restore from external archive if exact retained artifact is needed.
results/dsh_validation/phase2_family_holdout/smoke/phase2_holdout_report.md,smoke_output,tractatus-heavy-retained-artifacts-2026-08-14.zip,f38ed4abddf438aa7e9c297244d3db88d35198eeba017c91cc46f646573a69c6,e679df5428ba1d817ffe524cf82cf703ae2d68683209b7d87715115650e75b0b,2451,Removed from Git history; restore from external archive if exact retained artifact is needed.
results/dsh_validation/phase2_family_holdout/smoke/checkpoints/full_model/fold0_seed000.vocab.json,model_checkpoint,tractatus-heavy-retained-artifacts-2026-08-14.zip,f38ed4abddf438aa7e9c297244d3db88d35198eeba017c91cc46f646573a69c6,453e7eb9b6b215323b2eff3a31d1125733a9107d2a7d07d47685dd9c10d7ed66,66978,Removed from Git history; restore from external archive if exact retained artifact is needed.
results/dsh_validation/phase2_family_holdout/smoke/checkpoints/full_model/fold0_seed000.pt,model_checkpoint,tractatus-heavy-retained-artifacts-2026-08-14.zip,f38ed4abddf438aa7e9c297244d3db88d35198eeba017c91cc46f646573a69c6,cd239a1459d8bfc5adc26f7ce743095acee8950db37aa6c2c87bed7ab30136dd,6863722,Removed from Git history; restore from external archive if exact retained artifact is needed.
results/dsh_validation/phase2_family_holdout/smoke/checkpoints/reconstruction_only/fold0_seed000.vocab.json,model_checkpoint,tractatus-heavy-retained-artifacts-2026-08-14.zip,f38ed4abddf438aa7e9c297244d3db88d35198eeba017c91cc46f646573a69c6,453e7eb9b6b215323b2eff3a31d1125733a9107d2a7d07d47685dd9c10d7ed66,66978,Removed from Git history; restore from external archive if exact retained artifact is needed.
results/dsh_validation/phase2_family_holdout/smoke/checkpoints/reconstruction_only/fold0_seed000.pt,model_checkpoint,tractatus-heavy-retained-artifacts-2026-08-14.zip,f38ed4abddf438aa7e9c297244d3db88d35198eeba017c91cc46f646573a69c6,c1745e4b2d767a8318690ac49b119c7c7a2d832f4801a2b18d650077cf7e7d47,6863722,Removed from Git history; restore from external archive if exact retained artifact is needed.
results/dsh_validation/phase2_family_holdout/smoke/phase2_fold_manifest.csv,smoke_output,tractatus-heavy-retained-artifacts-2026-08-14.zip,f38ed4abddf438aa7e9c297244d3db88d35198eeba017c91cc46f646573a69c6,582a7b84be845326fc55eddc38779504ae6db915603c29d735e73c467a8b7a69,14976,Removed from Git history; restore from external archive if exact retained artifact is needed.
results/dsh_validation/phase2_family_holdout/smoke/phase2_seed_fold_results.csv,smoke_output,tractatus-heavy-retained-artifacts-2026-08-14.zip,f38ed4abddf438aa7e9c297244d3db88d35198eeba017c91cc46f646573a69c6,25fcd491b1e753dc566d4ffb10fef240a543e67e8610ed2a00d7df2e73d766f1,9867,Removed from Git history; restore from external archive if exact retained artifact is needed.
results/dsh_validation/phase2_family_holdout/smoke/logs/full_model/fold0_seed001.train.log,smoke_output,tractatus-heavy-retained-artifacts-2026-08-14.zip,f38ed4abddf438aa7e9c297244d3db88d35198eeba017c91cc46f646573a69c6,9409ed93a70b5eecf058af9699bd18026daa7da11a8802fe64ed2b2e1f35d9fc,631,Removed from Git history; restore from external archive if exact retained artifact is needed.
results/dsh_validation/phase2_family_holdout/smoke/logs/full_model/fold0_seed000.train.log,smoke_output,tractatus-heavy-retained-artifacts-2026-08-14.zip,f38ed4abddf438aa7e9c297244d3db88d35198eeba017c91cc46f646573a69c6,63991578049a319761dbbd2ddcecc7b73af9d775385b4dfbe04842f4a3e455af,233,Removed from Git history; restore from external archive if exact retained artifact is needed.
results/dsh_validation/phase2_family_holdout/smoke/logs/reconstruction_only/fold0_seed000.train.log,smoke_output,tractatus-heavy-retained-artifacts-2026-08-14.zip,f38ed4abddf438aa7e9c297244d3db88d35198eeba017c91cc46f646573a69c6,1b56a3e42eb72d2f1d782c98dc36622f4448bc9ee698f6fe1a81d37c59872a4b,241,Removed from Git history; restore from external archive if exact retained artifact is needed.
results/dsh_validation/phase2_family_holdout/smoke/configs/reconstruction_only.json,smoke_output,tractatus-heavy-retained-artifacts-2026-08-14.zip,f38ed4abddf438aa7e9c297244d3db88d35198eeba017c91cc46f646573a69c6,43ffa43b675e29ad8256f76cf9ba8c8c1f66ab40239b2b3e2d87dbced2142779,465,Removed from Git history; restore from external archive if exact retained artifact is needed.
results/dsh_validation/phase2_family_holdout/smoke/configs/full_model.json,smoke_output,tractatus-heavy-retained-artifacts-2026-08-14.zip,f38ed4abddf438aa7e9c297244d3db88d35198eeba017c91cc46f646573a69c6,8a019b01ead52431ce439b1dfe43b6369ed52b7c231c1ea63cc7666152679308,457,Removed from Git history; restore from external archive if exact retained artifact is needed.
results/dsh_validation/phase2_family_holdout/smoke/configs/no_successor.json,smoke_output,tractatus-heavy-retained-artifacts-2026-08-14.zip,f38ed4abddf438aa7e9c297244d3db88d35198eeba017c91cc46f646573a69c6,413d97e8cf9863be8a03f0a746f66d0eaaafd1643653da3aa0821f52c83099e9,501,Removed from Git history; restore from external archive if exact retained artifact is needed.
results/dsh_validation/phase2_family_holdout/smoke/ids/fold0_train_ids.json,smoke_output,tractatus-heavy-retained-artifacts-2026-08-14.zip,f38ed4abddf438aa7e9c297244d3db88d35198eeba017c91cc46f646573a69c6,ed9d464609aaf8d68cdd6399bd46116da3725e6e211870fd013d63b9a646affd,4569,Removed from Git history; restore from external archive if exact retained artifact is needed.
results/dsh_validation/phase2_family_holdout/smoke/phase2_protected_hashes_before.json,smoke_output,tractatus-heavy-retained-artifacts-2026-08-14.zip,f38ed4abddf438aa7e9c297244d3db88d35198eeba017c91cc46f646573a69c6,e8cf52b4e95710b567bdb5548056f305b47ae7818f060445cf26386dc641ffac,136417,Removed from Git history; restore from external archive if exact retained artifact is needed.
results/dsh_validation/phase2_family_holdout/smoke/phase2_matched_family_results.csv,smoke_output,tractatus-heavy-retained-artifacts-2026-08-14.zip,f38ed4abddf438aa7e9c297244d3db88d35198eeba017c91cc46f646573a69c6,6f6815e9b7131daa9b6e72ea71c543cb80b537cf8353c62837f5765c0ce143b4,3446,Removed from Git history; restore from external archive if exact retained artifact is needed.
results/dsh_validation/phase2_family_holdout/phase2_per_proposition_results.parquet,raw_or_per_proposition_output,tractatus-heavy-retained-artifacts-2026-08-14.zip,f38ed4abddf438aa7e9c297244d3db88d35198eeba017c91cc46f646573a69c6,d2e2269bbc0eae1b470d812d6ca19af0d47627ecd60daf95b65b147161c0efc6,6155912,Removed from Git history; restore from external archive if exact retained artifact is needed.
results/dsh_validation/phase2_family_holdout/checkpoints/no_successor/fold0_seed000.vocab.json,model_checkpoint,tractatus-heavy-retained-artifacts-2026-08-14.zip,f38ed4abddf438aa7e9c297244d3db88d35198eeba017c91cc46f646573a69c6,453e7eb9b6b215323b2eff3a31d1125733a9107d2a7d07d47685dd9c10d7ed66,66978,Removed from Git history; restore from external archive if exact retained artifact is needed.
results/dsh_validation/phase2_family_holdout/checkpoints/no_successor/fold0_seed002.pt,model_checkpoint,tractatus-heavy-retained-artifacts-2026-08-14.zip,f38ed4abddf438aa7e9c297244d3db88d35198eeba017c91cc46f646573a69c6,c4ef9fa2d3e37b8748614d6726696a833d0d5d76e2eda498fe9ee7e341913772,6863722,Removed from Git history; restore from external archive if exact retained artifact is needed.
results/dsh_validation/phase2_family_holdout/checkpoints/no_successor/fold3_seed001.vocab.json,model_checkpoint,tractatus-heavy-retained-artifacts-2026-08-14.zip,f38ed4abddf438aa7e9c297244d3db88d35198eeba017c91cc46f646573a69c6,4e5c161d76e7b0a6488d1759195c2ef5a7221afa1966edea5be362806e67d8c2,66199,Removed from Git history; restore from external archive if exact retained artifact is needed.
results/dsh_validation/phase2_family_holdout/checkpoints/no_successor/fold0_seed002.vocab.json,model_checkpoint,tractatus-heavy-retained-artifacts-2026-08-14.zip,f38ed4abddf438aa7e9c297244d3db88d35198eeba017c91cc46f646573a69c6,453e7eb9b6b215323b2eff3a31d1125733a9107d2a7d07d47685dd9c10d7ed66,66978,Removed from Git history; restore from external archive if exact retained artifact is needed.
results/dsh_validation/phase2_family_holdout/checkpoints/no_successor/fold2_seed000.vocab.json,model_checkpoint,tractatus-heavy-retained-artifacts-2026-08-14.zip,f38ed4abddf438aa7e9c297244d3db88d35198eeba017c91cc46f646573a69c6,bee256c3d6224b2948bc1879e30db7f987f93e8eeee7542cdb84e2dffb95cc27,65901,Removed from Git history; restore from external archive if exact retained artifact is needed.
results/dsh_validation/phase2_family_holdout/checkpoints/no_successor/fold2_seed001.vocab.json,model_checkpoint,tractatus-heavy-retained-artifacts-2026-08-14.zip,f38ed4abddf438aa7e9c297244d3db88d35198eeba017c91cc46f646573a69c6,bee256c3d6224b2948bc1879e30db7f987f93e8eeee7542cdb84e2dffb95cc27,65901,Removed from Git history; restore from external archive if exact retained artifact is needed.
results/dsh_validation/phase2_family_holdout/checkpoints/no_successor/fold2_seed001.pt,model_checkpoint,tractatus-heavy-retained-artifacts-2026-08-14.zip,f38ed4abddf438aa7e9c297244d3db88d35198eeba017c91cc46f646573a69c6,4b146dbc6ebee14d972c30e07292f1d79e21ba9072c9edf16e44a4d4bd190e67,6770188,Removed from Git history; restore from external archive if exact retained artifact is needed.
results/dsh_validation/phase2_family_holdout/checkpoints/no_successor/fold3_seed001.pt,model_checkpoint,tractatus-heavy-retained-artifacts-2026-08-14.zip,f38ed4abddf438aa7e9c297244d3db88d35198eeba017c91cc46f646573a69c6,30497655b76f1a624bf42ada28120e314cc8ebb5e14a0056cdcc1ade6441bc1a,6801322,Removed from Git history; restore from external archive if exact retained artifact is needed.
results/dsh_validation/phase2_family_holdout/checkpoints/no_successor/fold2_seed000.pt,model_checkpoint,tractatus-heavy-retained-artifacts-2026-08-14.zip,f38ed4abddf438aa7e9c297244d3db88d35198eeba017c91cc46f646573a69c6,abedeffb9d3e85a3725770bf9d8c78b8a049f6d76d6450330b34116a65eb15f3,6770188,Removed from Git history; restore from external archive if exact retained artifact is needed.
results/dsh_validation/phase2_family_holdout/checkpoints/no_successor/fold1_seed001.pt,model_checkpoint,tractatus-heavy-retained-artifacts-2026-08-14.zip,f38ed4abddf438aa7e9c297244d3db88d35198eeba017c91cc46f646573a69c6,f65fc2807f5995787bb2146a05c4394b648227187172dce28336915ec93dc355,6804650,Removed from Git history; restore from external archive if exact retained artifact is needed.
results/dsh_validation/phase2_family_holdout/checkpoints/no_successor/fold4_seed000.vocab.json,model_checkpoint,tractatus-heavy-retained-artifacts-2026-08-14.zip,f38ed4abddf438aa7e9c297244d3db88d35198eeba017c91cc46f646573a69c6,8c4ef813027c0f101fabbeeaf0d497b4da877ebc7b85bd5d305d9184250ae575,67949,Removed from Git history; restore from external archive if exact retained artifact is needed.
results/dsh_validation/phase2_family_holdout/checkpoints/no_successor/fold1_seed002.vocab.json,model_checkpoint,tractatus-heavy-retained-artifacts-2026-08-14.zip,f38ed4abddf438aa7e9c297244d3db88d35198eeba017c91cc46f646573a69c6,d8217c10417d4d680a4ebd46d887183972906319d7eea61635877f7e9815c600,66479,Removed from Git history; restore from external archive if exact retained artifact is needed.
results/dsh_validation/phase2_family_holdout/checkpoints/no_successor/fold3_seed000.vocab.json,model_checkpoint,tractatus-heavy-retained-artifacts-2026-08-14.zip,f38ed4abddf438aa7e9c297244d3db88d35198eeba017c91cc46f646573a69c6,4e5c161d76e7b0a6488d1759195c2ef5a7221afa1966edea5be362806e67d8c2,66199,Removed from Git history; restore from external archive if exact retained artifact is needed.
results/dsh_validation/phase2_family_holdout/checkpoints/no_successor/fold3_seed002.vocab.json,model_checkpoint,tractatus-heavy-retained-artifacts-2026-08-14.zip,f38ed4abddf438aa7e9c297244d3db88d35198eeba017c91cc46f646573a69c6,4e5c161d76e7b0a6488d1759195c2ef5a7221afa1966edea5be362806e67d8c2,66199,Removed from Git history; restore from external archive if exact retained artifact is needed.
results/dsh_validation/phase2_family_holdout/checkpoints/no_successor/fold4_seed002.pt,model_checkpoint,tractatus-heavy-retained-artifacts-2026-08-14.zip,f38ed4abddf438aa7e9c297244d3db88d35198eeba017c91cc46f646573a69c6,cd4d133dc086121c139989c9576eaa295ad26bfee8a23513159520456c6d824d,6941772,Removed from Git history; restore from external archive if exact retained artifact is needed.
results/dsh_validation/phase2_family_holdout/checkpoints/no_successor/fold2_seed002.vocab.json,model_checkpoint,tractatus-heavy-retained-artifacts-2026-08-14.zip,f38ed4abddf438aa7e9c297244d3db88d35198eeba017c91cc46f646573a69c6,bee256c3d6224b2948bc1879e30db7f987f93e8eeee7542cdb84e2dffb95cc27,65901,Removed from Git history; restore from external archive if exact retained artifact is needed.
results/dsh_validation/phase2_family_holdout/checkpoints/no_successor/fold4_seed002.vocab.json,model_checkpoint,tractatus-heavy-retained-artifacts-2026-08-14.zip,f38ed4abddf438aa7e9c297244d3db88d35198eeba017c91cc46f646573a69c6,8c4ef813027c0f101fabbeeaf0d497b4da877ebc7b85bd5d305d9184250ae575,67949,Removed from Git history; restore from external archive if exact retained artifact is needed.
results/dsh_validation/phase2_family_holdout/checkpoints/no_successor/fold0_seed001.pt,model_checkpoint,tractatus-heavy-retained-artifacts-2026-08-14.zip,f38ed4abddf438aa7e9c297244d3db88d35198eeba017c91cc46f646573a69c6,22ac4223c5a0a91a5e49e8855e20d5e5e954e762e3d65408e997b3cc891134d7,6862156,Removed from Git history; restore from external archive if exact retained artifact is needed.
results/dsh_validation/phase2_family_holdout/checkpoints/no_successor/fold3_seed000.pt,model_checkpoint,tractatus-heavy-retained-artifacts-2026-08-14.zip,f38ed4abddf438aa7e9c297244d3db88d35198eeba017c91cc46f646573a69c6,01d18fe4b4f2a45ef411703be20c539e2dad3527be44c47eaacb6d44eacf2356,6799756,Removed from Git history; restore from external archive if exact retained artifact is needed.
results/dsh_validation/phase2_family_holdout/checkpoints/no_successor/fold1_seed000.pt,model_checkpoint,tractatus-heavy-retained-artifacts-2026-08-14.zip,f38ed4abddf438aa7e9c297244d3db88d35198eeba017c91cc46f646573a69c6,fda0d3dc0e05059417906ad8271ce075c03a9de39c429db43abc0a865ee9d4d9,6803148,Removed from Git history; restore from external archive if exact retained artifact is needed.
results/dsh_validation/phase2_family_holdout/checkpoints/no_successor/fold4_seed001.vocab.json,model_checkpoint,tractatus-heavy-retained-artifacts-2026-08-14.zip,f38ed4abddf438aa7e9c297244d3db88d35198eeba017c91cc46f646573a69c6,8c4ef813027c0f101fabbeeaf0d497b4da877ebc7b85bd5d305d9184250ae575,67949,Removed from Git history; restore from external archive if exact retained artifact is needed.
results/dsh_validation/phase2_family_holdout/checkpoints/no_successor/fold1_seed000.vocab.json,model_checkpoint,tractatus-heavy-retained-artifacts-2026-08-14.zip,f38ed4abddf438aa7e9c297244d3db88d35198eeba017c91cc46f646573a69c6,d8217c10417d4d680a4ebd46d887183972906319d7eea61635877f7e9815c600,66479,Removed from Git history; restore from external archive if exact retained artifact is needed.
results/dsh_validation/phase2_family_holdout/checkpoints/no_successor/fold0_seed001.vocab.json,model_checkpoint,tractatus-heavy-retained-artifacts-2026-08-14.zip,f38ed4abddf438aa7e9c297244d3db88d35198eeba017c91cc46f646573a69c6,453e7eb9b6b215323b2eff3a31d1125733a9107d2a7d07d47685dd9c10d7ed66,66978,Removed from Git history; restore from external archive if exact retained artifact is needed.
results/dsh_validation/phase2_family_holdout/checkpoints/no_successor/fold4_seed001.pt,model_checkpoint,tractatus-heavy-retained-artifacts-2026-08-14.zip,f38ed4abddf438aa7e9c297244d3db88d35198eeba017c91cc46f646573a69c6,33eee7f95848fa5fe5d9fdc4a90e61dff23699c663ef403988173a1118b4e130,6941772,Removed from Git history; restore from external archive if exact retained artifact is needed.
results/dsh_validation/phase2_family_holdout/checkpoints/no_successor/fold4_seed000.pt,model_checkpoint,tractatus-heavy-retained-artifacts-2026-08-14.zip,f38ed4abddf438aa7e9c297244d3db88d35198eeba017c91cc46f646573a69c6,81ae1b54a55b0021e7965571e62786f87946ceaa4af959d34a783fc3f348d275,6941772,Removed from Git history; restore from external archive if exact retained artifact is needed.
results/dsh_validation/phase2_family_holdout/checkpoints/no_successor/fold1_seed001.vocab.json,model_checkpoint,tractatus-heavy-retained-artifacts-2026-08-14.zip,f38ed4abddf438aa7e9c297244d3db88d35198eeba017c91cc46f646573a69c6,d8217c10417d4d680a4ebd46d887183972906319d7eea61635877f7e9815c600,66479,Removed from Git history; restore from external archive if exact retained artifact is needed.
results/dsh_validation/phase2_family_holdout/checkpoints/no_successor/fold3_seed002.pt,model_checkpoint,tractatus-heavy-retained-artifacts-2026-08-14.zip,f38ed4abddf438aa7e9c297244d3db88d35198eeba017c91cc46f646573a69c6,45ffead88089165a0beabc48643f4c52a9062cda6aaf2a7381fd2dc1ebf102a3,6799756,Removed from Git history; restore from external archive if exact retained artifact is needed.
results/dsh_validation/phase2_family_holdout/checkpoints/no_successor/fold1_seed002.pt,model_checkpoint,tractatus-heavy-retained-artifacts-2026-08-14.zip,f38ed4abddf438aa7e9c297244d3db88d35198eeba017c91cc46f646573a69c6,f4292d31bb34f1ad204b44f9585e5b220539dd652df3010339598a38be3db4b2,6803148,Removed from Git history; restore from external archive if exact retained artifact is needed.
results/dsh_validation/phase2_family_holdout/checkpoints/no_successor/fold2_seed002.pt,model_checkpoint,tractatus-heavy-retained-artifacts-2026-08-14.zip,f38ed4abddf438aa7e9c297244d3db88d35198eeba017c91cc46f646573a69c6,fce0729050be267efbbc7e51027005792657c6baa6eea770d53928fc512684b2,6770188,Removed from Git history; restore from external archive if exact retained artifact is needed.
results/dsh_validation/phase2_family_holdout/checkpoints/no_successor/fold0_seed000.pt,model_checkpoint,tractatus-heavy-retained-artifacts-2026-08-14.zip,f38ed4abddf438aa7e9c297244d3db88d35198eeba017c91cc46f646573a69c6,94e0bd956ec1c3215b20379dfb667d34d5cd0f3f2fdbc84da1806d5245811ae1,6863722,Removed from Git history; restore from external archive if exact retained artifact is needed.
results/dsh_validation/phase2_family_holdout/checkpoints/full_model/fold0_seed000.vocab.json,model_checkpoint,tractatus-heavy-retained-artifacts-2026-08-14.zip,f38ed4abddf438aa7e9c297244d3db88d35198eeba017c91cc46f646573a69c6,453e7eb9b6b215323b2eff3a31d1125733a9107d2a7d07d47685dd9c10d7ed66,66978,Removed from Git history; restore from external archive if exact retained artifact is needed.
results/dsh_validation/phase2_family_holdout/checkpoints/full_model/fold0_seed002.pt,model_checkpoint,tractatus-heavy-retained-artifacts-2026-08-14.zip,f38ed4abddf438aa7e9c297244d3db88d35198eeba017c91cc46f646573a69c6,595b86d3390601d0504758a83c692a27fe8bf8e42800014ed4b7f51e21210670,6863722,Removed from Git history; restore from external archive if exact retained artifact is needed.
results/dsh_validation/phase2_family_holdout/checkpoints/full_model/fold3_seed001.vocab.json,model_checkpoint,tractatus-heavy-retained-artifacts-2026-08-14.zip,f38ed4abddf438aa7e9c297244d3db88d35198eeba017c91cc46f646573a69c6,4e5c161d76e7b0a6488d1759195c2ef5a7221afa1966edea5be362806e67d8c2,66199,Removed from Git history; restore from external archive if exact retained artifact is needed.
results/dsh_validation/phase2_family_holdout/checkpoints/full_model/fold0_seed002.vocab.json,model_checkpoint,tractatus-heavy-retained-artifacts-2026-08-14.zip,f38ed4abddf438aa7e9c297244d3db88d35198eeba017c91cc46f646573a69c6,453e7eb9b6b215323b2eff3a31d1125733a9107d2a7d07d47685dd9c10d7ed66,66978,Removed from Git history; restore from external archive if exact retained artifact is needed.
results/dsh_validation/phase2_family_holdout/checkpoints/full_model/fold2_seed000.vocab.json,model_checkpoint,tractatus-heavy-retained-artifacts-2026-08-14.zip,f38ed4abddf438aa7e9c297244d3db88d35198eeba017c91cc46f646573a69c6,bee256c3d6224b2948bc1879e30db7f987f93e8eeee7542cdb84e2dffb95cc27,65901,Removed from Git history; restore from external archive if exact retained artifact is needed.
results/dsh_validation/phase2_family_holdout/checkpoints/full_model/fold2_seed001.vocab.json,model_checkpoint,tractatus-heavy-retained-artifacts-2026-08-14.zip,f38ed4abddf438aa7e9c297244d3db88d35198eeba017c91cc46f646573a69c6,bee256c3d6224b2948bc1879e30db7f987f93e8eeee7542cdb84e2dffb95cc27,65901,Removed from Git history; restore from external archive if exact retained artifact is needed.
results/dsh_validation/phase2_family_holdout/checkpoints/full_model/fold2_seed001.pt,model_checkpoint,tractatus-heavy-retained-artifacts-2026-08-14.zip,f38ed4abddf438aa7e9c297244d3db88d35198eeba017c91cc46f646573a69c6,63936c1d21f9f16aa079b1fef3ca5c78fac351ee6026332feb5080899eb882bc,6770188,Removed from Git history; restore from external archive if exact retained artifact is needed.
results/dsh_validation/phase2_family_holdout/checkpoints/full_model/fold3_seed001.pt,model_checkpoint,tractatus-heavy-retained-artifacts-2026-08-14.zip,f38ed4abddf438aa7e9c297244d3db88d35198eeba017c91cc46f646573a69c6,9bfbf61ccc8cc15fcde7c6ffc4c8e7459454c3a6faab4ff21fc991695a2b323c,6799756,Removed from Git history; restore from external archive if exact retained artifact is needed.
results/dsh_validation/phase2_family_holdout/checkpoints/full_model/fold2_seed000.pt,model_checkpoint,tractatus-heavy-retained-artifacts-2026-08-14.zip,f38ed4abddf438aa7e9c297244d3db88d35198eeba017c91cc46f646573a69c6,a6df383c4b4a46ec275c199e50cb882fbbdaf578c699abacf1775ed16038c2a9,6770188,Removed from Git history; restore from external archive if exact retained artifact is needed.
results/dsh_validation/phase2_family_holdout/checkpoints/full_model/fold1_seed001.pt,model_checkpoint,tractatus-heavy-retained-artifacts-2026-08-14.zip,f38ed4abddf438aa7e9c297244d3db88d35198eeba017c91cc46f646573a69c6,ed950455f4dbc801fd9a2526d3afb1b3f0db4949634e1b67e5a75e403370d578,6803148,Removed from Git history; restore from external archive if exact retained artifact is needed.
results/dsh_validation/phase2_family_holdout/checkpoints/full_model/fold4_seed000.vocab.json,model_checkpoint,tractatus-heavy-retained-artifacts-2026-08-14.zip,f38ed4abddf438aa7e9c297244d3db88d35198eeba017c91cc46f646573a69c6,8c4ef813027c0f101fabbeeaf0d497b4da877ebc7b85bd5d305d9184250ae575,67949,Removed from Git history; restore from external archive if exact retained artifact is needed.
results/dsh_validation/phase2_family_holdout/checkpoints/full_model/fold1_seed002.vocab.json,model_checkpoint,tractatus-heavy-retained-artifacts-2026-08-14.zip,f38ed4abddf438aa7e9c297244d3db88d35198eeba017c91cc46f646573a69c6,d8217c10417d4d680a4ebd46d887183972906319d7eea61635877f7e9815c600,66479,Removed from Git history; restore from external archive if exact retained artifact is needed.
results/dsh_validation/phase2_family_holdout/checkpoints/full_model/fold3_seed000.vocab.json,model_checkpoint,tractatus-heavy-retained-artifacts-2026-08-14.zip,f38ed4abddf438aa7e9c297244d3db88d35198eeba017c91cc46f646573a69c6,4e5c161d76e7b0a6488d1759195c2ef5a7221afa1966edea5be362806e67d8c2,66199,Removed from Git history; restore from external archive if exact retained artifact is needed.
results/dsh_validation/phase2_family_holdout/checkpoints/full_model/fold3_seed002.vocab.json,model_checkpoint,tractatus-heavy-retained-artifacts-2026-08-14.zip,f38ed4abddf438aa7e9c297244d3db88d35198eeba017c91cc46f646573a69c6,4e5c161d76e7b0a6488d1759195c2ef5a7221afa1966edea5be362806e67d8c2,66199,Removed from Git history; restore from external archive if exact retained artifact is needed.
results/dsh_validation/phase2_family_holdout/checkpoints/full_model/fold4_seed002.pt,model_checkpoint,tractatus-heavy-retained-artifacts-2026-08-14.zip,f38ed4abddf438aa7e9c297244d3db88d35198eeba017c91cc46f646573a69c6,65f41d07c224532ecf7951c6865294f1c552fdcebe4a49508cc0b321f86d1786,6943338,Removed from Git history; restore from external archive if exact retained artifact is needed.
results/dsh_validation/phase2_family_holdout/checkpoints/full_model/fold2_seed002.vocab.json,model_checkpoint,tractatus-heavy-retained-artifacts-2026-08-14.zip,f38ed4abddf438aa7e9c297244d3db88d35198eeba017c91cc46f646573a69c6,bee256c3d6224b2948bc1879e30db7f987f93e8eeee7542cdb84e2dffb95cc27,65901,Removed from Git history; restore from external archive if exact retained artifact is needed.
results/dsh_validation/phase2_family_holdout/checkpoints/full_model/fold4_seed002.vocab.json,model_checkpoint,tractatus-heavy-retained-artifacts-2026-08-14.zip,f38ed4abddf438aa7e9c297244d3db88d35198eeba017c91cc46f646573a69c6,8c4ef813027c0f101fabbeeaf0d497b4da877ebc7b85bd5d305d9184250ae575,67949,Removed from Git history; restore from external archive if exact retained artifact is needed.
results/dsh_validation/phase2_family_holdout/checkpoints/full_model/fold0_seed001.pt,model_checkpoint,tractatus-heavy-retained-artifacts-2026-08-14.zip,f38ed4abddf438aa7e9c297244d3db88d35198eeba017c91cc46f646573a69c6,91fad205d02435a699ba0c0959eb565920ec02d1f3c05a13fa5a543266c193be,6863722,Removed from Git history; restore from external archive if exact retained artifact is needed.
results/dsh_validation/phase2_family_holdout/checkpoints/full_model/fold3_seed000.pt,model_checkpoint,tractatus-heavy-retained-artifacts-2026-08-14.zip,f38ed4abddf438aa7e9c297244d3db88d35198eeba017c91cc46f646573a69c6,dedc2832f9546f02f4739721aa8d7f90731af73405520135342fee2dd77eea9a,6801322,Removed from Git history; restore from external archive if exact retained artifact is needed.
results/dsh_validation/phase2_family_holdout/checkpoints/full_model/fold1_seed000.pt,model_checkpoint,tractatus-heavy-retained-artifacts-2026-08-14.zip,f38ed4abddf438aa7e9c297244d3db88d35198eeba017c91cc46f646573a69c6,c8d71b7a6a3eeb6a8ec45f756ed91dc074950f3c68833c5ca2976fb7de20e9ea,6804650,Removed from Git history; restore from external archive if exact retained artifact is needed.
results/dsh_validation/phase2_family_holdout/checkpoints/full_model/fold4_seed001.vocab.json,model_checkpoint,tractatus-heavy-retained-artifacts-2026-08-14.zip,f38ed4abddf438aa7e9c297244d3db88d35198eeba017c91cc46f646573a69c6,8c4ef813027c0f101fabbeeaf0d497b4da877ebc7b85bd5d305d9184250ae575,67949,Removed from Git history; restore from external archive if exact retained artifact is needed.
results/dsh_validation/phase2_family_holdout/checkpoints/full_model/fold1_seed000.vocab.json,model_checkpoint,tractatus-heavy-retained-artifacts-2026-08-14.zip,f38ed4abddf438aa7e9c297244d3db88d35198eeba017c91cc46f646573a69c6,d8217c10417d4d680a4ebd46d887183972906319d7eea61635877f7e9815c600,66479,Removed from Git history; restore from external archive if exact retained artifact is needed.
results/dsh_validation/phase2_family_holdout/checkpoints/full_model/fold0_seed001.vocab.json,model_checkpoint,tractatus-heavy-retained-artifacts-2026-08-14.zip,f38ed4abddf438aa7e9c297244d3db88d35198eeba017c91cc46f646573a69c6,453e7eb9b6b215323b2eff3a31d1125733a9107d2a7d07d47685dd9c10d7ed66,66978,Removed from Git history; restore from external archive if exact retained artifact is needed.
results/dsh_validation/phase2_family_holdout/checkpoints/full_model/fold4_seed001.pt,model_checkpoint,tractatus-heavy-retained-artifacts-2026-08-14.zip,f38ed4abddf438aa7e9c297244d3db88d35198eeba017c91cc46f646573a69c6,4781253fa43c415bc5526b9eae38c99b64b970587f31ac18bbe7846155f3bb33,6941772,Removed from Git history; restore from external archive if exact retained artifact is needed.
results/dsh_validation/phase2_family_holdout/checkpoints/full_model/fold4_seed000.pt,model_checkpoint,tractatus-heavy-retained-artifacts-2026-08-14.zip,f38ed4abddf438aa7e9c297244d3db88d35198eeba017c91cc46f646573a69c6,4294b920a3e556ea5350b098d6fd867b00136d3966c3957c70c594a55c1a9b70,6941772,Removed from Git history; restore from external archive if exact retained artifact is needed.
results/dsh_validation/phase2_family_holdout/checkpoints/full_model/fold1_seed001.vocab.json,model_checkpoint,tractatus-heavy-retained-artifacts-2026-08-14.zip,f38ed4abddf438aa7e9c297244d3db88d35198eeba017c91cc46f646573a69c6,d8217c10417d4d680a4ebd46d887183972906319d7eea61635877f7e9815c600,66479,Removed from Git history; restore from external archive if exact retained artifact is needed.
results/dsh_validation/phase2_family_holdout/checkpoints/full_model/fold3_seed002.pt,model_checkpoint,tractatus-heavy-retained-artifacts-2026-08-14.zip,f38ed4abddf438aa7e9c297244d3db88d35198eeba017c91cc46f646573a69c6,7f58fb420eb1322b775e01dc54c0ff57a532fa2dfebfe8b35840c6237d460206,6799756,Removed from Git history; restore from external archive if exact retained artifact is needed.
results/dsh_validation/phase2_family_holdout/checkpoints/full_model/fold1_seed002.pt,model_checkpoint,tractatus-heavy-retained-artifacts-2026-08-14.zip,f38ed4abddf438aa7e9c297244d3db88d35198eeba017c91cc46f646573a69c6,ed180f432afdef9a05b6dbed242701331643e2cb5dd53e69652f8577faa75629,6803148,Removed from Git history; restore from external archive if exact retained artifact is needed.
results/dsh_validation/phase2_family_holdout/checkpoints/full_model/fold2_seed002.pt,model_checkpoint,tractatus-heavy-retained-artifacts-2026-08-14.zip,f38ed4abddf438aa7e9c297244d3db88d35198eeba017c91cc46f646573a69c6,d3b1006a6d6d525bb3892bd9bcfc32dad2e921a1ca9f1842c66b8fd8b6f680f1,6771754,Removed from Git history; restore from external archive if exact retained artifact is needed.
results/dsh_validation/phase2_family_holdout/checkpoints/full_model/fold0_seed000.pt,model_checkpoint,tractatus-heavy-retained-artifacts-2026-08-14.zip,f38ed4abddf438aa7e9c297244d3db88d35198eeba017c91cc46f646573a69c6,85732e9939de98fc64885e843dbcf5b24dcd516ed02398619f94ef02ce4eda45,6863722,Removed from Git history; restore from external archive if exact retained artifact is needed.
results/dsh_validation/phase2_family_holdout/checkpoints/reconstruction_only/fold0_seed000.vocab.json,model_checkpoint,tractatus-heavy-retained-artifacts-2026-08-14.zip,f38ed4abddf438aa7e9c297244d3db88d35198eeba017c91cc46f646573a69c6,453e7eb9b6b215323b2eff3a31d1125733a9107d2a7d07d47685dd9c10d7ed66,66978,Removed from Git history; restore from external archive if exact retained artifact is needed.
results/dsh_validation/phase2_family_holdout/checkpoints/reconstruction_only/fold0_seed002.pt,model_checkpoint,tractatus-heavy-retained-artifacts-2026-08-14.zip,f38ed4abddf438aa7e9c297244d3db88d35198eeba017c91cc46f646573a69c6,86930a8847c3665307bdd7f23e448f1a1e41f8ae06d114d096f2b6d79558de52,6862156,Removed from Git history; restore from external archive if exact retained artifact is needed.
results/dsh_validation/phase2_family_holdout/checkpoints/reconstruction_only/fold3_seed001.vocab.json,model_checkpoint,tractatus-heavy-retained-artifacts-2026-08-14.zip,f38ed4abddf438aa7e9c297244d3db88d35198eeba017c91cc46f646573a69c6,4e5c161d76e7b0a6488d1759195c2ef5a7221afa1966edea5be362806e67d8c2,66199,Removed from Git history; restore from external archive if exact retained artifact is needed.
results/dsh_validation/phase2_family_holdout/checkpoints/reconstruction_only/fold0_seed002.vocab.json,model_checkpoint,tractatus-heavy-retained-artifacts-2026-08-14.zip,f38ed4abddf438aa7e9c297244d3db88d35198eeba017c91cc46f646573a69c6,453e7eb9b6b215323b2eff3a31d1125733a9107d2a7d07d47685dd9c10d7ed66,66978,Removed from Git history; restore from external archive if exact retained artifact is needed.
results/dsh_validation/phase2_family_holdout/checkpoints/reconstruction_only/fold2_seed000.vocab.json,model_checkpoint,tractatus-heavy-retained-artifacts-2026-08-14.zip,f38ed4abddf438aa7e9c297244d3db88d35198eeba017c91cc46f646573a69c6,bee256c3d6224b2948bc1879e30db7f987f93e8eeee7542cdb84e2dffb95cc27,65901,Removed from Git history; restore from external archive if exact retained artifact is needed.
results/dsh_validation/phase2_family_holdout/checkpoints/reconstruction_only/fold2_seed001.vocab.json,model_checkpoint,tractatus-heavy-retained-artifacts-2026-08-14.zip,f38ed4abddf438aa7e9c297244d3db88d35198eeba017c91cc46f646573a69c6,bee256c3d6224b2948bc1879e30db7f987f93e8eeee7542cdb84e2dffb95cc27,65901,Removed from Git history; restore from external archive if exact retained artifact is needed.
results/dsh_validation/phase2_family_holdout/checkpoints/reconstruction_only/fold2_seed001.pt,model_checkpoint,tractatus-heavy-retained-artifacts-2026-08-14.zip,f38ed4abddf438aa7e9c297244d3db88d35198eeba017c91cc46f646573a69c6,c919c1b2d0dbffa0c8c956fcbf988ae474f3d15ea96dce53e30aaf8cd8367d37,6770188,Removed from Git history; restore from external archive if exact retained artifact is needed.
results/dsh_validation/phase2_family_holdout/checkpoints/reconstruction_only/fold3_seed001.pt,model_checkpoint,tractatus-heavy-retained-artifacts-2026-08-14.zip,f38ed4abddf438aa7e9c297244d3db88d35198eeba017c91cc46f646573a69c6,dcf0036d63e7e6bbc84d68fe211fd6bfbef5009af6fce02c419a8ea3b02815ff,6799756,Removed from Git history; restore from external archive if exact retained artifact is needed.
results/dsh_validation/phase2_family_holdout/checkpoints/reconstruction_only/fold2_seed000.pt,model_checkpoint,tractatus-heavy-retained-artifacts-2026-08-14.zip,f38ed4abddf438aa7e9c297244d3db88d35198eeba017c91cc46f646573a69c6,3604ee57fe2d56e2279acadccc0eafd4a9c4d2e45b56af78d01ddecc38e4ae67,6771754,Removed from Git history; restore from external archive if exact retained artifact is needed.
results/dsh_validation/phase2_family_holdout/checkpoints/reconstruction_only/fold1_seed001.pt,model_checkpoint,tractatus-heavy-retained-artifacts-2026-08-14.zip,f38ed4abddf438aa7e9c297244d3db88d35198eeba017c91cc46f646573a69c6,6b7714643eb7fd537439600b44d88c14838c51edaed91b9a131733c151f65f55,6804650,Removed from Git history; restore from external archive if exact retained artifact is needed.
results/dsh_validation/phase2_family_holdout/checkpoints/reconstruction_only/fold4_seed000.vocab.json,model_checkpoint,tractatus-heavy-retained-artifacts-2026-08-14.zip,f38ed4abddf438aa7e9c297244d3db88d35198eeba017c91cc46f646573a69c6,8c4ef813027c0f101fabbeeaf0d497b4da877ebc7b85bd5d305d9184250ae575,67949,Removed from Git history; restore from external archive if exact retained artifact is needed.
results/dsh_validation/phase2_family_holdout/checkpoints/reconstruction_only/fold1_seed002.vocab.json,model_checkpoint,tractatus-heavy-retained-artifacts-2026-08-14.zip,f38ed4abddf438aa7e9c297244d3db88d35198eeba017c91cc46f646573a69c6,d8217c10417d4d680a4ebd46d887183972906319d7eea61635877f7e9815c600,66479,Removed from Git history; restore from external archive if exact retained artifact is needed.
results/dsh_validation/phase2_family_holdout/checkpoints/reconstruction_only/fold3_seed000.vocab.json,model_checkpoint,tractatus-heavy-retained-artifacts-2026-08-14.zip,f38ed4abddf438aa7e9c297244d3db88d35198eeba017c91cc46f646573a69c6,4e5c161d76e7b0a6488d1759195c2ef5a7221afa1966edea5be362806e67d8c2,66199,Removed from Git history; restore from external archive if exact retained artifact is needed.
results/dsh_validation/phase2_family_holdout/checkpoints/reconstruction_only/fold3_seed002.vocab.json,model_checkpoint,tractatus-heavy-retained-artifacts-2026-08-14.zip,f38ed4abddf438aa7e9c297244d3db88d35198eeba017c91cc46f646573a69c6,4e5c161d76e7b0a6488d1759195c2ef5a7221afa1966edea5be362806e67d8c2,66199,Removed from Git history; restore from external archive if exact retained artifact is needed.
results/dsh_validation/phase2_family_holdout/checkpoints/reconstruction_only/fold4_seed002.pt,model_checkpoint,tractatus-heavy-retained-artifacts-2026-08-14.zip,f38ed4abddf438aa7e9c297244d3db88d35198eeba017c91cc46f646573a69c6,82ff8b652cd0d9a7bd9e1e2632d8872d08ad615a8f56a5c444e72e176cad5a70,6941772,Removed from Git history; restore from external archive if exact retained artifact is needed.
results/dsh_validation/phase2_family_holdout/checkpoints/reconstruction_only/fold2_seed002.vocab.json,model_checkpoint,tractatus-heavy-retained-artifacts-2026-08-14.zip,f38ed4abddf438aa7e9c297244d3db88d35198eeba017c91cc46f646573a69c6,bee256c3d6224b2948bc1879e30db7f987f93e8eeee7542cdb84e2dffb95cc27,65901,Removed from Git history; restore from external archive if exact retained artifact is needed.
results/dsh_validation/phase2_family_holdout/checkpoints/reconstruction_only/fold4_seed002.vocab.json,model_checkpoint,tractatus-heavy-retained-artifacts-2026-08-14.zip,f38ed4abddf438aa7e9c297244d3db88d35198eeba017c91cc46f646573a69c6,8c4ef813027c0f101fabbeeaf0d497b4da877ebc7b85bd5d305d9184250ae575,67949,Removed from Git history; restore from external archive if exact retained artifact is needed.
results/dsh_validation/phase2_family_holdout/checkpoints/reconstruction_only/fold0_seed001.pt,model_checkpoint,tractatus-heavy-retained-artifacts-2026-08-14.zip,f38ed4abddf438aa7e9c297244d3db88d35198eeba017c91cc46f646573a69c6,96916841ca4dfae4f580510a42b3de87ed4f5c95229e5daa0c26db951de5a3e2,6862156,Removed from Git history; restore from external archive if exact retained artifact is needed.
results/dsh_validation/phase2_family_holdout/checkpoints/reconstruction_only/fold3_seed000.pt,model_checkpoint,tractatus-heavy-retained-artifacts-2026-08-14.zip,f38ed4abddf438aa7e9c297244d3db88d35198eeba017c91cc46f646573a69c6,059f3f57b75fc68939ab21a0f80ba364e1d81c8d2722d5549a8a18e3d12efeb4,6799756,Removed from Git history; restore from external archive if exact retained artifact is needed.
results/dsh_validation/phase2_family_holdout/checkpoints/reconstruction_only/fold1_seed000.pt,model_checkpoint,tractatus-heavy-retained-artifacts-2026-08-14.zip,f38ed4abddf438aa7e9c297244d3db88d35198eeba017c91cc46f646573a69c6,9d93514af940a491d7b19815a151e20c666d6d4928cb519d9580e34f4affe553,6803148,Removed from Git history; restore from external archive if exact retained artifact is needed.
results/dsh_validation/phase2_family_holdout/checkpoints/reconstruction_only/fold4_seed001.vocab.json,model_checkpoint,tractatus-heavy-retained-artifacts-2026-08-14.zip,f38ed4abddf438aa7e9c297244d3db88d35198eeba017c91cc46f646573a69c6,8c4ef813027c0f101fabbeeaf0d497b4da877ebc7b85bd5d305d9184250ae575,67949,Removed from Git history; restore from external archive if exact retained artifact is needed.
results/dsh_validation/phase2_family_holdout/checkpoints/reconstruction_only/fold1_seed000.vocab.json,model_checkpoint,tractatus-heavy-retained-artifacts-2026-08-14.zip,f38ed4abddf438aa7e9c297244d3db88d35198eeba017c91cc46f646573a69c6,d8217c10417d4d680a4ebd46d887183972906319d7eea61635877f7e9815c600,66479,Removed from Git history; restore from external archive if exact retained artifact is needed.
results/dsh_validation/phase2_family_holdout/checkpoints/reconstruction_only/fold0_seed001.vocab.json,model_checkpoint,tractatus-heavy-retained-artifacts-2026-08-14.zip,f38ed4abddf438aa7e9c297244d3db88d35198eeba017c91cc46f646573a69c6,453e7eb9b6b215323b2eff3a31d1125733a9107d2a7d07d47685dd9c10d7ed66,66978,Removed from Git history; restore from external archive if exact retained artifact is needed.
results/dsh_validation/phase2_family_holdout/checkpoints/reconstruction_only/fold4_seed001.pt,model_checkpoint,tractatus-heavy-retained-artifacts-2026-08-14.zip,f38ed4abddf438aa7e9c297244d3db88d35198eeba017c91cc46f646573a69c6,66174fe3912d09dc9a359f2c07a00bb55e18ff58d005ddfce85bd4b4be417549,6941772,Removed from Git history; restore from external archive if exact retained artifact is needed.
results/dsh_validation/phase2_family_holdout/checkpoints/reconstruction_only/fold4_seed000.pt,model_checkpoint,tractatus-heavy-retained-artifacts-2026-08-14.zip,f38ed4abddf438aa7e9c297244d3db88d35198eeba017c91cc46f646573a69c6,0f8a8ef54ad3874721ad62bf629953c4b97457f38d9377d13106ac425259a47d,6943338,Removed from Git history; restore from external archive if exact retained artifact is needed.
results/dsh_validation/phase2_family_holdout/checkpoints/reconstruction_only/fold1_seed001.vocab.json,model_checkpoint,tractatus-heavy-retained-artifacts-2026-08-14.zip,f38ed4abddf438aa7e9c297244d3db88d35198eeba017c91cc46f646573a69c6,d8217c10417d4d680a4ebd46d887183972906319d7eea61635877f7e9815c600,66479,Removed from Git history; restore from external archive if exact retained artifact is needed.
results/dsh_validation/phase2_family_holdout/checkpoints/reconstruction_only/fold3_seed002.pt,model_checkpoint,tractatus-heavy-retained-artifacts-2026-08-14.zip,f38ed4abddf438aa7e9c297244d3db88d35198eeba017c91cc46f646573a69c6,200b41d9b1215c680b111ad7ab401d87499d9ed4754494e9f46c009a295d64ab,6801322,Removed from Git history; restore from external archive if exact retained artifact is needed.
results/dsh_validation/phase2_family_holdout/checkpoints/reconstruction_only/fold1_seed002.pt,model_checkpoint,tractatus-heavy-retained-artifacts-2026-08-14.zip,f38ed4abddf438aa7e9c297244d3db88d35198eeba017c91cc46f646573a69c6,5bb4b60ced1aa605f421ccc2477dbf4b36ef9f4f90573dd4639747a2efece757,6803148,Removed from Git history; restore from external archive if exact retained artifact is needed.
results/dsh_validation/phase2_family_holdout/checkpoints/reconstruction_only/fold2_seed002.pt,model_checkpoint,tractatus-heavy-retained-artifacts-2026-08-14.zip,f38ed4abddf438aa7e9c297244d3db88d35198eeba017c91cc46f646573a69c6,a9bf15d2123708c8ead13c8a5805123d530902b44d93c15af6faa8937208ad98,6770188,Removed from Git history; restore from external archive if exact retained artifact is needed.
results/dsh_validation/phase2_family_holdout/checkpoints/reconstruction_only/fold0_seed000.pt,model_checkpoint,tractatus-heavy-retained-artifacts-2026-08-14.zip,f38ed4abddf438aa7e9c297244d3db88d35198eeba017c91cc46f646573a69c6,bbc1692bba30ed20976de0ac372f0bab675dbda74fc2af51995d3287b947bdb0,6862156,Removed from Git history; restore from external archive if exact retained artifact is needed.
