{
  "loss": 1.7452198056613697,
  "reconstruction_loss": 1.350854705361759,
  "kl": 8.394609956180348,
  "kl_text": 0.6341357406447915,
  "kl_structure": 7.7604742330663345,
  "perplexity": 3.8607239723205566,
  "parent_accuracy": 0.594106463878327,
  "depth_accuracy": 0.8631178707224335,
  "next_accuracy": 0.3688212927756654,
  "reconstruction_loss_by_language": {
    "de": 1.2533863712626265,
    "en": 1.4234434582661313
  },
  "parent_accuracy_by_language": {
    "de": 0.5874524714828897,
    "en": 0.6007604562737643
  },
  "depth_accuracy_by_language": {
    "de": 0.8650190114068441,
    "en": 0.8612167300380228
  },
  "next_accuracy_by_language": {
    "de": 0.3669201520912547,
    "en": 0.37072243346007605
  },
  "mean_parent_child_distance": 5.139270345025439,
  "mean_sibling_distance": 2.420861784255866,
  "mean_unrelated_distance": 4.926937930597552,
  "mean_same_id_cross_language_distance": 1.2186765387767622,
  "cross_language_top1_id_accuracy": 0.7842205323193916,
  "cross_language_mrr": 0.8512844423842991,
  "mean_cross_language_parent_child_distance": 5.145224958600796,
  "cross_language_top1_id_accuracy_de_to_en": 0.785171102661597,
  "cross_language_top1_id_accuracy_en_to_de": 0.7832699619771863,
  "cross_language_mrr_de_to_en": 0.8522965092202957,
  "cross_language_mrr_en_to_de": 0.8502723755483016
}
