{
  "loss": 1.701927570735707,
  "reconstruction_loss": 1.3164928590550142,
  "kl": 7.963513177983901,
  "kl_text": 0.3185238960911246,
  "kl_structure": 7.6449892661150765,
  "perplexity": 3.730315923690796,
  "parent_accuracy": 0.5855513307984791,
  "depth_accuracy": 0.7557034220532319,
  "next_accuracy": 0.37167300380228135,
  "reconstruction_loss_by_language": {
    "de": 1.2397507244416517,
    "en": 1.3874215599248618
  },
  "parent_accuracy_by_language": {
    "de": 0.5893536121673004,
    "en": 0.5817490494296578
  },
  "depth_accuracy_by_language": {
    "de": 0.747148288973384,
    "en": 0.7642585551330798
  },
  "next_accuracy_by_language": {
    "de": 0.37072243346007605,
    "en": 0.3726235741444867
  },
  "mean_parent_child_distance": 4.927518579656678,
  "mean_sibling_distance": 2.4473997897657997,
  "mean_unrelated_distance": 4.912253773484394,
  "mean_same_id_cross_language_distance": 1.2270049658451696,
  "cross_language_top1_id_accuracy": 0.7975285171102662,
  "cross_language_mrr": 0.8575784572109695,
  "mean_cross_language_parent_child_distance": 4.93455208082879,
  "cross_language_top1_id_accuracy_de_to_en": 0.8041825095057035,
  "cross_language_top1_id_accuracy_en_to_de": 0.7908745247148289,
  "cross_language_mrr_de_to_en": 0.8632438530551517,
  "cross_language_mrr_en_to_de": 0.8519130613667875
}
